route,window_start,searches,spike_ratio,demand_tier,base_fare,flash_fare,uplift_pct,window_min,conversion_rate,bookings,static_revenue,flash_revenue,revenue_recovered,competitor_price,price_advantage,load_factor,days_to_departure
CHI-PAR,2025-06-15 06:00:00,14,14.0,SURGE,520.0,706.68,35.9,7,0.1125,2,1040.0,1413.36,373.3599999999999,517.84,36.47,0.737,42
CHI-PAR,2025-06-15 06:01:00,19,1.36,MEDIUM,520.0,592.7,14.0,20,0.0393,1,520.0,592.7,72.70000000000005,569.11,4.15,0.766,35
CHI-PAR,2025-06-15 06:02:00,10,0.61,LOW,520.0,561.08,7.9,30,0.0232,0,0.0,0.0,0.0,568.88,-1.37,0.701,46
CHI-PAR,2025-06-15 06:03:00,14,0.98,LOW,520.0,561.08,7.9,30,0.0276,0,0.0,0.0,0.0,560.68,0.07,0.799,26
CHI-PAR,2025-06-15 06:04:00,8,0.56,LOW,520.0,561.08,7.9,30,0.0188,0,0.0,0.0,0.0,566.17,-0.9,0.619,69
CHI-PAR,2025-06-15 06:05:00,9,0.69,LOW,520.0,561.08,7.9,30,0.0188,0,0.0,0.0,0.0,550.44,1.93,0.714,64
CHI-PAR,2025-06-15 06:06:00,20,1.67,MEDIUM,520.0,597.53,14.9,20,0.0479,1,520.0,597.53,77.52999999999997,520.19,14.87,0.957,37
CHI-PAR,2025-06-15 06:07:00,17,1.39,MEDIUM,520.0,593.16,14.1,20,0.0438,1,520.0,593.16,73.15999999999997,529.95,11.93,0.658,84
CHI-PAR,2025-06-15 06:08:00,15,1.1,LOW,520.0,562.64,8.2,30,0.0177,0,0.0,0.0,0.0,512.89,9.7,0.826,49
CHI-PAR,2025-06-15 06:09:00,13,0.94,LOW,520.0,561.08,7.9,30,0.0227,0,0.0,0.0,0.0,588.48,-4.66,0.687,21
CHI-PAR,2025-06-15 06:10:00,17,1.15,LOW,520.0,563.42,8.3,30,0.0177,0,0.0,0.0,0.0,554.67,1.58,0.875,74
CHI-PAR,2025-06-15 06:11:00,14,0.85,LOW,520.0,561.08,7.9,30,0.0177,0,0.0,0.0,0.0,535.69,4.74,0.605,64
CHI-PAR,2025-06-15 06:12:00,15,0.99,LOW,520.0,561.08,7.9,30,0.0212,0,0.0,0.0,0.0,542.05,3.51,0.957,5
CHI-PAR,2025-06-15 06:13:00,19,1.28,LOW,520.0,565.45,8.7,30,0.0104,0,0.0,0.0,0.0,592.52,-4.57,0.741,70
CHI-PAR,2025-06-15 06:14:00,11,0.71,LOW,520.0,561.08,7.9,30,0.0114,0,0.0,0.0,0.0,509.95,10.03,0.649,4
CHI-PAR,2025-06-15 06:15:00,16,1.05,LOW,520.0,561.86,8.1,30,0.0172,0,0.0,0.0,0.0,554.97,1.24,0.581,39
CHI-PAR,2025-06-15 06:16:00,21,1.4,MEDIUM,520.0,593.32,14.1,20,0.0349,1,520.0,593.32,73.32000000000005,546.61,8.55,0.621,35
CHI-PAR,2025-06-15 06:17:00,17,1.04,LOW,520.0,561.7,8.0,30,0.0216,0,0.0,0.0,0.0,557.59,0.74,0.768,1
CHI-PAR,2025-06-15 06:18:00,9,0.54,LOW,520.0,561.08,7.9,30,0.0155,0,0.0,0.0,0.0,495.88,13.15,0.692,24
CHI-PAR,2025-06-15 06:19:00,7,0.47,LOW,520.0,561.08,7.9,30,0.0129,0,0.0,0.0,0.0,584.7,-4.04,0.898,57
CHI-PAR,2025-06-15 06:20:00,178,12.71,SURGE,520.0,706.68,35.9,7,0.1173,21,10920.0,14840.279999999999,3920.279999999999,590.94,19.59,0.731,70
CHI-PAR,2025-06-15 06:21:00,199,4.29,SURGE,520.0,706.68,35.9,7,0.1089,22,11440.0,15546.96,4106.959999999999,552.77,27.84,0.654,41
CHI-PAR,2025-06-15 06:22:00,192,2.34,SURGE,520.0,685.98,31.9,7,0.1103,21,10920.0,14405.58,3485.58,566.45,21.1,0.809,54
CHI-PAR,2025-06-15 06:23:00,132,1.13,HIGH,520.0,625.51,20.3,12,0.0629,8,4160.0,5004.08,844.0799999999999,589.94,6.03,0.847,46
CHI-PAR,2025-06-15 06:24:00,129,0.91,HIGH,520.0,623.48,19.9,12,0.0673,9,4680.0,5611.32,931.3199999999997,567.55,9.85,0.62,60
CHI-PAR,2025-06-15 06:25:00,188,1.13,SURGE,520.0,667.11,28.3,7,0.1106,21,10920.0,14009.31,3089.3099999999995,509.86,30.84,0.62,60
CHI-PAR,2025-06-15 06:26:00,13,0.08,LOW,520.0,561.08,7.9,30,0.0142,0,0.0,0.0,0.0,553.93,1.29,0.565,57
CHI-PAR,2025-06-15 06:27:00,15,0.11,LOW,520.0,561.08,7.9,30,0.0219,0,0.0,0.0,0.0,557.1,0.71,0.859,31
CHI-PAR,2025-06-15 06:28:00,11,0.12,LOW,520.0,561.08,7.9,30,0.017,0,0.0,0.0,0.0,538.11,4.27,0.829,84
CHI-PAR,2025-06-15 06:29:00,18,0.25,LOW,520.0,561.08,7.9,30,0.0185,0,0.0,0.0,0.0,570.59,-1.67,0.749,24
CHI-PAR,2025-06-15 06:30:00,9,0.18,LOW,520.0,561.08,7.9,30,0.017,0,0.0,0.0,0.0,591.17,-5.09,0.905,89
CHI-PAR,2025-06-15 06:31:00,14,1.06,LOW,520.0,562.02,8.1,30,0.0293,0,0.0,0.0,0.0,590.26,-4.78,0.888,36
CHI-PAR,2025-06-15 06:32:00,18,1.34,MEDIUM,520.0,592.38,13.9,20,0.0399,1,520.0,592.38,72.38,540.89,9.52,0.796,85
CHI-PAR,2025-06-15 06:33:00,16,1.14,LOW,520.0,563.26,8.3,30,0.0147,0,0.0,0.0,0.0,505.78,11.36,0.915,30
CHI-PAR,2025-06-15 06:34:00,12,0.8,LOW,520.0,561.08,7.9,30,0.0241,0,0.0,0.0,0.0,596.42,-5.93,0.636,24
CHI-PAR,2025-06-15 06:35:00,21,1.52,MEDIUM,520.0,595.19,14.5,20,0.0339,1,520.0,595.19,75.19000000000005,581.25,2.4,0.597,30
CHI-PAR,2025-06-15 06:36:00,16,0.99,LOW,520.0,561.08,7.9,30,0.021,0,0.0,0.0,0.0,506.96,10.68,0.663,86
CHI-PAR,2025-06-15 06:37:00,7,0.42,LOW,520.0,561.08,7.9,30,0.0102,0,0.0,0.0,0.0,589.77,-4.86,0.574,7
CHI-PAR,2025-06-15 06:38:00,16,1.11,LOW,520.0,562.8,8.2,30,0.0134,0,0.0,0.0,0.0,584.47,-3.71,0.773,35
CHI-PAR,2025-06-15 06:39:00,10,0.69,LOW,520.0,561.08,7.9,30,0.021,0,0.0,0.0,0.0,547.96,2.39,0.943,55
CHI-PAR,2025-06-15 06:40:00,11,0.79,LOW,520.0,561.08,7.9,30,0.0237,0,0.0,0.0,0.0,555.49,1.01,0.567,14
CHI-PAR,2025-06-15 06:41:00,15,1.25,LOW,520.0,564.98,8.7,30,0.0209,0,0.0,0.0,0.0,535.5,5.51,0.601,10
CHI-PAR,2025-06-15 06:42:00,10,0.85,LOW,520.0,561.08,7.9,30,0.0194,0,0.0,0.0,0.0,499.7,12.28,0.74,80
CHI-PAR,2025-06-15 06:43:00,10,0.81,LOW,520.0,561.08,7.9,30,0.0185,0,0.0,0.0,0.0,528.86,6.09,0.942,16
CHI-PAR,2025-06-15 06:44:00,11,0.98,LOW,520.0,561.08,7.9,30,0.0126,0,0.0,0.0,0.0,577.5,-2.84,0.683,54
CHI-PAR,2025-06-15 06:45:00,15,1.32,MEDIUM,520.0,592.07,13.9,20,0.0364,1,520.0,592.07,72.07000000000005,494.48,19.74,0.763,89
CHI-PAR,2025-06-15 06:46:00,16,1.31,MEDIUM,520.0,591.92,13.8,20,0.0377,1,520.0,591.92,71.91999999999996,528.68,11.96,0.567,77
CHI-PAR,2025-06-15 06:47:00,13,1.05,LOW,520.0,561.86,8.1,30,0.0253,0,0.0,0.0,0.0,535.41,4.94,0.612,70
CHI-PAR,2025-06-15 06:48:00,17,1.31,MEDIUM,520.0,591.92,13.8,20,0.0417,1,520.0,591.92,71.91999999999996,549.89,7.64,0.964,44
CHI-PAR,2025-06-15 06:49:00,13,0.9,LOW,520.0,561.08,7.9,30,0.0112,0,0.0,0.0,0.0,589.66,-4.85,0.955,73
CHI-PAR,2025-06-15 06:50:00,15,1.01,LOW,520.0,561.24,7.9,30,0.0216,0,0.0,0.0,0.0,530.02,5.89,0.552,45
CHI-PAR,2025-06-15 06:51:00,22,1.49,MEDIUM,520.0,594.72,14.4,20,0.0381,1,520.0,594.72,74.72000000000003,530.08,12.19,0.95,56
CHI-PAR,2025-06-15 06:52:00,15,0.94,LOW,520.0,561.08,7.9,30,0.0166,0,0.0,0.0,0.0,570.7,-1.69,0.818,84
CHI-PAR,2025-06-15 06:53:00,8,0.49,LOW,520.0,561.08,7.9,30,0.0231,0,0.0,0.0,0.0,541.03,3.71,0.915,82
CHI-PAR,2025-06-15 06:54:00,9,0.62,LOW,520.0,561.08,7.9,30,0.0252,0,0.0,0.0,0.0,517.36,8.45,0.741,57
CHI-PAR,2025-06-15 06:55:00,100,7.25,SURGE,520.0,706.68,35.9,7,0.1147,11,5720.0,7773.48,2053.4799999999996,541.05,30.61,0.767,21
CHI-PAR,2025-06-15 06:56:00,87,2.82,HIGH,520.0,651.87,25.4,12,0.0658,6,3120.0,3911.2200000000003,791.2200000000003,508.65,28.16,0.755,68
CHI-PAR,2025-06-15 06:57:00,77,1.76,MEDIUM,520.0,598.94,15.2,20,0.0385,3,1560.0,1796.8200000000002,236.82000000000016,512.34,16.9,0.83,50
CHI-PAR,2025-06-15 06:58:00,62,1.1,MEDIUM,520.0,588.64,13.2,20,0.0417,3,1560.0,1765.92,205.92000000000007,545.83,7.84,0.609,33
CHI-PAR,2025-06-15 06:59:00,60,0.9,MEDIUM,520.0,587.08,12.9,20,0.0449,3,1560.0,1761.2400000000002,201.24000000000024,537.57,9.21,0.563,7
CHI-PAR,2025-06-15 07:00:00,81,1.05,HIGH,520.0,624.26,20.0,12,0.0676,5,2600.0,3121.3,521.3000000000002,589.14,5.96,0.679,70
CHI-PAR,2025-06-15 07:01:00,11,0.15,LOW,520.0,561.08,7.9,30,0.0191,0,0.0,0.0,0.0,531.69,5.53,0.846,15
CHI-PAR,2025-06-15 07:02:00,15,0.26,LOW,520.0,561.08,7.9,30,0.0145,0,0.0,0.0,0.0,554.38,1.21,0.635,82
CHI-PAR,2025-06-15 07:03:00,12,0.26,LOW,520.0,561.08,7.9,30,0.014,0,0.0,0.0,0.0,559.76,0.24,0.833,32
CHI-PAR,2025-06-15 07:04:00,21,0.59,LOW,520.0,561.08,7.9,30,0.0241,1,520.0,561.08,41.08000000000004,495.36,13.27,0.957,75
CHI-PAR,2025-06-15 07:05:00,20,0.71,LOW,520.0,561.08,7.9,30,0.0268,1,520.0,561.08,41.08000000000004,563.01,-0.34,0.589,20
CHI-PAR,2025-06-15 07:06:00,7,0.44,LOW,520.0,561.08,7.9,30,0.0196,0,0.0,0.0,0.0,512.52,9.47,0.832,88
CHI-PAR,2025-06-15 07:07:00,10,0.67,LOW,520.0,561.08,7.9,30,0.025,0,0.0,0.0,0.0,593.95,-5.53,0.736,15
CHI-PAR,2025-06-15 07:08:00,9,0.64,LOW,520.0,561.08,7.9,30,0.0218,0,0.0,0.0,0.0,509.46,10.13,0.915,48
CHI-PAR,2025-06-15 07:09:00,11,0.82,LOW,520.0,561.08,7.9,30,0.0168,0,0.0,0.0,0.0,537.12,4.46,0.624,71
CHI-PAR,2025-06-15 07:10:00,8,0.7,LOW,520.0,561.08,7.9,30,0.0218,0,0.0,0.0,0.0,502.88,11.57,0.841,21
CHI-PAR,2025-06-15 07:11:00,18,2.0,HIGH,520.0,639.08,22.9,12,0.0777,1,520.0,639.08,119.08000000000004,597.67,6.93,0.902,42
CHI-PAR,2025-06-15 07:12:00,11,0.98,LOW,520.0,561.08,7.9,30,0.0198,0,0.0,0.0,0.0,546.23,2.72,0.947,26
CHI-PAR,2025-06-15 07:13:00,20,1.75,MEDIUM,520.0,598.78,15.1,20,0.0478,1,520.0,598.78,78.77999999999997,555.92,7.71,0.837,14
CHI-PAR,2025-06-15 07:14:00,11,0.81,LOW,520.0,561.08,7.9,30,0.01,0,0.0,0.0,0.0,500.98,12.0,0.759,57
CHI-PAR,2025-06-15 07:15:00,8,0.59,LOW,520.0,561.08,7.9,30,0.0241,0,0.0,0.0,0.0,572.0,-1.91,0.809,37
CHI-PAR,2025-06-15 07:16:00,16,1.18,LOW,520.0,563.89,8.4,30,0.0204,0,0.0,0.0,0.0,515.83,9.32,0.915,58
CHI-PAR,2025-06-15 07:17:00,18,1.36,MEDIUM,520.0,592.7,14.0,20,0.0385,1,520.0,592.7,72.70000000000005,587.4,0.9,0.79,21
CHI-PAR,2025-06-15 07:18:00,8,0.55,LOW,520.0,561.08,7.9,30,0.0205,0,0.0,0.0,0.0,515.33,8.88,0.563,82
CHI-PAR,2025-06-15 07:19:00,18,1.48,MEDIUM,520.0,594.57,14.3,20,0.0301,1,520.0,594.57,74.57000000000005,513.83,15.71,0.941,69
CHI-PAR,2025-06-15 07:20:00,13,0.96,LOW,520.0,561.08,7.9,30,0.0189,0,0.0,0.0,0.0,497.8,12.71,0.84,3
CHI-PAR,2025-06-15 07:21:00,14,0.96,LOW,520.0,561.08,7.9,30,0.0218,0,0.0,0.0,0.0,543.09,3.31,0.834,87
CHI-PAR,2025-06-15 07:22:00,10,0.7,LOW,520.0,561.08,7.9,30,0.0274,0,0.0,0.0,0.0,552.74,1.51,0.641,37
CHI-PAR,2025-06-15 07:23:00,18,1.43,MEDIUM,520.0,593.79,14.2,20,0.0374,1,520.0,593.79,73.78999999999996,500.83,18.56,0.827,88
CHI-PAR,2025-06-15 07:24:00,20,1.37,MEDIUM,520.0,592.85,14.0,20,0.036,1,520.0,592.85,72.85000000000002,574.65,3.17,0.715,49
CHI-PAR,2025-06-15 07:25:00,11,0.73,LOW,520.0,561.08,7.9,30,0.0175,0,0.0,0.0,0.0,541.14,3.68,0.824,19
CHI-PAR,2025-06-15 07:26:00,14,0.96,LOW,520.0,561.08,7.9,30,0.0246,0,0.0,0.0,0.0,548.54,2.29,0.595,89
CHI-PAR,2025-06-15 07:27:00,12,0.82,LOW,520.0,561.08,7.9,30,0.0216,0,0.0,0.0,0.0,539.84,3.93,0.826,85
CHI-PAR,2025-06-15 07:28:00,12,0.8,LOW,520.0,561.08,7.9,30,0.0174,0,0.0,0.0,0.0,535.68,4.74,0.97,12
CHI-PAR,2025-06-15 07:29:00,20,1.45,MEDIUM,520.0,594.1,14.3,20,0.0426,1,520.0,594.1,74.10000000000002,552.2,7.59,0.57,61
CHI-PAR,2025-06-15 07:30:00,183,13.26,SURGE,520.0,706.68,35.9,7,0.1105,20,10400.0,14133.599999999999,3733.5999999999985,510.14,38.53,0.96,41
CHI-PAR,2025-06-15 07:31:00,202,4.19,SURGE,520.0,706.68,35.9,7,0.1148,23,11960.0,16253.64,4293.639999999999,512.92,37.78,0.721,33
CHI-PAR,2025-06-15 07:32:00,274,3.19,SURGE,520.0,699.24,34.5,7,0.1065,29,15080.0,20277.96,5197.959999999999,583.63,19.81,0.916,50
CHI-PAR,2025-06-15 07:33:00,222,1.61,SURGE,520.0,674.6,29.7,7,0.1084,24,12480.0,16190.400000000001,3710.4000000000015,592.4,13.88,0.879,68
CHI-PAR,2025-06-15 07:34:00,280,1.55,SURGE,520.0,673.66,29.5,7,0.108,30,15600.0,20209.8,4609.799999999999,532.82,26.43,0.788,71
CHI-PAR,2025-06-15 07:35:00,232,1.0,SURGE,520.0,665.08,27.9,7,0.1027,24,12480.0,15961.920000000002,3481.920000000002,522.16,27.37,0.86,86
CHI-PAR,2025-06-15 07:36:00,14,0.06,LOW,520.0,561.08,7.9,30,0.0215,0,0.0,0.0,0.0,560.98,0.02,0.919,33
CHI-PAR,2025-06-15 07:37:00,15,0.07,LOW,520.0,561.08,7.9,30,0.0213,0,0.0,0.0,0.0,536.51,4.58,0.72,81
CHI-PAR,2025-06-15 07:38:00,12,0.08,LOW,520.0,561.08,7.9,30,0.02,0,0.0,0.0,0.0,496.64,12.98,0.687,24
CHI-PAR,2025-06-15 07:39:00,10,0.09,LOW,520.0,561.08,7.9,30,0.0188,0,0.0,0.0,0.0,510.24,9.96,0.83,61
CHI-PAR,2025-06-15 07:40:00,19,0.34,LOW,520.0,561.08,7.9,30,0.0129,0,0.0,0.0,0.0,568.46,-1.3,0.889,61
CHI-PAR,2025-06-15 07:41:00,8,0.57,LOW,520.0,561.08,7.9,30,0.0179,0,0.0,0.0,0.0,562.53,-0.26,0.87,28
CHI-PAR,2025-06-15 07:42:00,22,1.72,MEDIUM,520.0,598.31,15.1,20,0.0383,1,520.0,598.31,78.30999999999995,496.82,20.43,0.885,58
CHI-PAR,2025-06-15 07:43:00,14,0.99,LOW,520.0,561.08,7.9,30,0.016,0,0.0,0.0,0.0,517.09,8.51,0.733,43
CHI-PAR,2025-06-15 07:44:00,13,0.89,LOW,520.0,561.08,7.9,30,0.0192,0,0.0,0.0,0.0,518.03,8.31,0.893,41
CHI-PAR,2025-06-15 07:45:00,21,1.38,MEDIUM,520.0,593.01,14.0,20,0.042,1,520.0,593.01,73.00999999999999,563.88,5.17,0.6,39
CHI-PAR,2025-06-15 07:46:00,18,1.15,LOW,520.0,563.42,8.3,30,0.0294,1,520.0,563.42,43.41999999999996,496.05,13.58,0.779,86
CHI-PAR,2025-06-15 07:47:00,16,0.91,LOW,520.0,561.08,7.9,30,0.0209,0,0.0,0.0,0.0,504.83,11.14,0.552,49
CHI-PAR,2025-06-15 07:48:00,14,0.85,LOW,520.0,561.08,7.9,30,0.0213,0,0.0,0.0,0.0,577.19,-2.79,0.686,17
CHI-PAR,2025-06-15 07:49:00,14,0.85,LOW,520.0,561.08,7.9,30,0.0196,0,0.0,0.0,0.0,512.57,9.46,0.704,70
CHI-PAR,2025-06-15 07:50:00,7,0.42,LOW,520.0,561.08,7.9,30,0.0104,0,0.0,0.0,0.0,561.89,-0.14,0.716,70
CHI-PAR,2025-06-15 07:51:00,13,0.94,LOW,520.0,561.08,7.9,30,0.0199,0,0.0,0.0,0.0,518.77,8.16,0.842,65
CHI-PAR,2025-06-15 07:52:00,19,1.48,MEDIUM,520.0,594.57,14.3,20,0.0403,1,520.0,594.57,74.57000000000005,504.34,17.89,0.713,74
CHI-PAR,2025-06-15 07:53:00,17,1.27,LOW,520.0,565.29,8.7,30,0.0323,1,520.0,565.29,45.289999999999964,519.29,8.86,0.738,85
CHI-PAR,2025-06-15 07:54:00,15,1.07,LOW,520.0,562.17,8.1,30,0.019,0,0.0,0.0,0.0,569.12,-1.22,0.65,5
CHI-PAR,2025-06-15 07:55:00,9,0.63,LOW,520.0,561.08,7.9,30,0.0215,0,0.0,0.0,0.0,582.99,-3.76,0.707,2
CHI-PAR,2025-06-15 07:56:00,15,1.03,LOW,520.0,561.55,8.0,30,0.0198,0,0.0,0.0,0.0,580.34,-3.24,0.645,22
CHI-PAR,2025-06-15 07:57:00,18,1.2,LOW,520.0,564.2,8.5,30,0.0142,0,0.0,0.0,0.0,535.31,5.4,0.581,57
CHI-PAR,2025-06-15 07:58:00,19,1.28,LOW,520.0,565.45,8.7,30,0.0257,0,0.0,0.0,0.0,563.48,0.35,0.803,66
CHI-PAR,2025-06-15 07:59:00,17,1.12,LOW,520.0,562.95,8.3,30,0.0238,0,0.0,0.0,0.0,515.32,9.24,0.831,74
LAX-TYO,2025-06-15 06:00:00,15,15.0,SURGE,520.0,706.68,35.9,7,0.114,2,1040.0,1413.36,373.3599999999999,524.49,34.74,0.81,16
LAX-TYO,2025-06-15 06:01:00,22,1.47,MEDIUM,520.0,594.41,14.3,20,0.0355,1,520.0,594.41,74.40999999999997,587.22,1.22,0.745,51
LAX-TYO,2025-06-15 06:02:00,16,0.86,LOW,520.0,561.08,7.9,30,0.027,0,0.0,0.0,0.0,495.35,13.27,0.71,39
LAX-TYO,2025-06-15 06:03:00,11,0.62,LOW,520.0,561.08,7.9,30,0.013,0,0.0,0.0,0.0,502.89,11.57,0.913,86
LAX-TYO,2025-06-15 06:04:00,21,1.31,MEDIUM,520.0,591.92,13.8,20,0.0429,1,520.0,591.92,71.91999999999996,515.62,14.8,0.768,76
LAX-TYO,2025-06-15 06:05:00,26,1.53,MEDIUM,520.0,595.35,14.5,20,0.051,1,520.0,595.35,75.35000000000002,496.76,19.85,0.751,88
LAX-TYO,2025-06-15 06:06:00,11,0.57,LOW,520.0,561.08,7.9,30,0.015,0,0.0,0.0,0.0,512.87,9.4,0.561,40
LAX-TYO,2025-06-15 06:07:00,14,0.82,LOW,520.0,561.08,7.9,30,0.0172,0,0.0,0.0,0.0,554.64,1.16,0.693,38
LAX-TYO,2025-06-15 06:08:00,22,1.33,MEDIUM,520.0,592.23,13.9,20,0.0405,1,520.0,592.23,72.23000000000002,537.83,10.11,0.71,60
LAX-TYO,2025-06-15 06:09:00,20,1.06,LOW,520.0,562.02,8.1,30,0.0175,0,0.0,0.0,0.0,586.84,-4.23,0.718,59
LAX-TYO,2025-06-15 06:10:00,18,0.97,LOW,520.0,561.08,7.9,30,0.0122,0,0.0,0.0,0.0,579.01,-3.1,0.794,10
LAX-TYO,2025-06-15 06:11:00,12,0.71,LOW,520.0,561.08,7.9,30,0.0203,0,0.0,0.0,0.0,529.55,5.95,0.774,64
LAX-TYO,2025-06-15 06:12:00,18,1.05,LOW,520.0,561.86,8.1,30,0.0147,0,0.0,0.0,0.0,520.98,7.85,0.805,63
LAX-TYO,2025-06-15 06:13:00,13,0.72,LOW,520.0,561.08,7.9,30,0.0224,0,0.0,0.0,0.0,533.49,5.17,0.871,49
LAX-TYO,2025-06-15 06:14:00,13,0.8,LOW,520.0,561.08,7.9,30,0.0154,0,0.0,0.0,0.0,555.39,1.02,0.891,64
LAX-TYO,2025-06-15 06:15:00,26,1.76,MEDIUM,520.0,598.94,15.2,20,0.0477,1,520.0,598.94,78.94000000000005,521.88,14.77,0.852,32
LAX-TYO,2025-06-15 06:16:00,13,0.79,LOW,520.0,561.08,7.9,30,0.0161,0,0.0,0.0,0.0,558.91,0.39,0.951,7
LAX-TYO,2025-06-15 06:17:00,15,0.9,LOW,520.0,561.08,7.9,30,0.0184,0,0.0,0.0,0.0,536.58,4.57,0.558,21
LAX-TYO,2025-06-15 06:18:00,15,0.94,LOW,520.0,561.08,7.9,30,0.0241,0,0.0,0.0,0.0,551.41,1.75,0.632,20
LAX-TYO,2025-06-15 06:19:00,26,1.59,MEDIUM,520.0,596.28,14.7,20,0.0338,1,520.0,596.28,76.27999999999997,539.36,10.55,0.553,26
LAX-TYO,2025-06-15 06:20:00,190,10.0,SURGE,520.0,706.68,35.9,7,0.1111,21,10920.0,14840.279999999999,3920.279999999999,524.62,34.7,0.822,68
LAX-TYO,2025-06-15 06:21:00,141,2.72,HIGH,520.0,650.31,25.1,12,0.0765,11,5720.0,7153.41,1433.4099999999999,592.64,9.73,0.927,86
LAX-TYO,2025-06-15 06:22:00,153,1.98,SURGE,520.0,680.37,30.8,7,0.102,16,8320.0,10885.92,2565.92,573.42,18.65,0.652,15
LAX-TYO,2025-06-15 06:23:00,187,1.78,SURGE,520.0,677.25,30.2,7,0.1109,21,10920.0,14222.25,3302.25,508.57,33.17,0.939,85
LAX-TYO,2025-06-15 06:24:00,197,1.41,SURGE,520.0,671.48,29.1,7,0.1113,22,11440.0,14772.560000000001,3332.5600000000013,584.32,14.92,0.575,79
LAX-TYO,2025-06-15 06:25:00,174,1.0,SURGE,520.0,665.08,27.9,7,0.1139,20,10400.0,13301.6,2901.6000000000004,544.69,22.1,0.942,86
LAX-TYO,2025-06-15 06:26:00,17,0.1,LOW,520.0,561.08,7.9,30,0.0138,0,0.0,0.0,0.0,587.03,-4.42,0.698,14
LAX-TYO,2025-06-15 06:27:00,17,0.12,LOW,520.0,561.08,7.9,30,0.0134,0,0.0,0.0,0.0,577.18,-2.79,0.593,27
LAX-TYO,2025-06-15 06:28:00,20,0.17,LOW,520.0,561.08,7.9,30,0.0226,0,0.0,0.0,0.0,538.22,4.25,0.754,40
LAX-TYO,2025-06-15 06:29:00,23,0.27,LOW,520.0,561.08,7.9,30,0.0215,0,0.0,0.0,0.0,496.34,13.04,0.658,58
LAX-TYO,2025-06-15 06:30:00,22,0.44,LOW,520.0,561.08,7.9,30,0.0213,0,0.0,0.0,0.0,521.94,7.5,0.67,28
LAX-TYO,2025-06-15 06:31:00,25,1.26,LOW,520.0,565.14,8.7,30,0.0217,1,520.0,565.14,45.139999999999986,550.33,2.69,0.679,26
LAX-TYO,2025-06-15 06:32:00,25,1.17,LOW,520.0,563.73,8.4,30,0.0166,0,0.0,0.0,0.0,559.88,0.69,0.887,63
LAX-TYO,2025-06-15 06:33:00,14,0.61,LOW,520.0,561.08,7.9,30,0.0212,0,0.0,0.0,0.0,520.82,7.73,0.776,66
LAX-TYO,2025-06-15 06:34:00,18,0.83,LOW,520.0,561.08,7.9,30,0.0215,0,0.0,0.0,0.0,508.49,10.34,0.681,25
LAX-TYO,2025-06-15 06:35:00,18,0.87,LOW,520.0,561.08,7.9,30,0.0164,0,0.0,0.0,0.0,580.83,-3.4,0.806,3
LAX-TYO,2025-06-15 06:36:00,13,0.65,LOW,520.0,561.08,7.9,30,0.0293,0,0.0,0.0,0.0,596.38,-5.92,0.851,72
LAX-TYO,2025-06-15 06:37:00,21,1.19,LOW,520.0,564.04,8.5,30,0.0224,0,0.0,0.0,0.0,548.67,2.8,0.665,44
LAX-TYO,2025-06-15 06:38:00,11,0.65,LOW,520.0,561.08,7.9,30,0.014,0,0.0,0.0,0.0,511.85,9.62,0.724,42
LAX-TYO,2025-06-15 06:39:00,18,1.11,LOW,520.0,562.8,8.2,30,0.0233,0,0.0,0.0,0.0,522.32,7.75,0.601,6
LAX-TYO,2025-06-15 06:40:00,18,1.11,LOW,520.0,562.8,8.2,30,0.0151,0,0.0,0.0,0.0,495.91,13.49,0.626,39
LAX-TYO,2025-06-15 06:41:00,11,0.68,LOW,520.0,561.08,7.9,30,0.0239,0,0.0,0.0,0.0,589.09,-4.75,0.836,52
LAX-TYO,2025-06-15 06:42:00,13,0.82,LOW,520.0,561.08,7.9,30,0.0258,0,0.0,0.0,0.0,506.25,10.83,0.626,23
LAX-TYO,2025-06-15 06:43:00,12,0.85,LOW,520.0,561.08,7.9,30,0.0159,0,0.0,0.0,0.0,553.96,1.29,0.771,89
LAX-TYO,2025-06-15 06:44:00,18,1.25,LOW,520.0,564.98,8.7,30,0.0248,0,0.0,0.0,0.0,522.5,8.13,0.848,50
LAX-TYO,2025-06-15 06:45:00,13,0.9,LOW,520.0,561.08,7.9,30,0.0221,0,0.0,0.0,0.0,551.63,1.71,0.595,43
LAX-TYO,2025-06-15 06:46:00,12,0.9,LOW,520.0,561.08,7.9,30,0.0241,0,0.0,0.0,0.0,561.75,-0.12,0.788,19
LAX-TYO,2025-06-15 06:47:00,21,1.54,MEDIUM,520.0,595.5,14.5,20,0.0495,1,520.0,595.5,75.5,580.29,2.62,0.658,69
LAX-TYO,2025-06-15 06:48:00,13,0.86,LOW,520.0,561.08,7.9,30,0.0188,0,0.0,0.0,0.0,515.47,8.85,0.954,51
LAX-TYO,2025-06-15 06:49:00,18,1.17,LOW,520.0,563.73,8.4,30,0.0162,0,0.0,0.0,0.0,495.14,13.85,0.753,11
LAX-TYO,2025-06-15 06:50:00,19,1.23,LOW,520.0,564.67,8.6,30,0.0156,0,0.0,0.0,0.0,508.24,11.1,0.889,12
LAX-TYO,2025-06-15 06:51:00,26,1.57,MEDIUM,520.0,595.97,14.6,20,0.0359,1,520.0,595.97,75.97000000000003,587.6,1.42,0.781,74
LAX-TYO,2025-06-15 06:52:00,17,0.88,LOW,520.0,561.08,7.9,30,0.0196,0,0.0,0.0,0.0,584.88,-4.07,0.568,8
LAX-TYO,2025-06-15 06:53:00,15,0.81,LOW,520.0,561.08,7.9,30,0.0217,0,0.0,0.0,0.0,556.13,0.89,0.816,24
LAX-TYO,2025-06-15 06:54:00,26,1.37,MEDIUM,520.0,592.85,14.0,20,0.0414,1,520.0,592.85,72.85000000000002,556.45,6.54,0.95,41
LAX-TYO,2025-06-15 06:55:00,75,3.64,SURGE,520.0,706.26,35.8,7,0.1141,9,4680.0,6356.34,1676.3400000000001,563.16,25.41,0.803,36
LAX-TYO,2025-06-15 06:56:00,90,2.83,HIGH,520.0,652.03,25.4,12,0.0701,6,3120.0,3912.18,792.1799999999998,512.24,27.29,0.894,85
LAX-TYO,2025-06-15 06:57:00,86,1.93,HIGH,520.0,637.99,22.7,12,0.0773,7,3640.0,4465.93,825.9300000000003,589.1,8.3,0.921,72
LAX-TYO,2025-06-15 06:58:00,72,1.23,MEDIUM,520.0,590.67,13.6,20,0.0387,3,1560.0,1772.0099999999998,212.00999999999976,537.55,9.88,0.646,55
LAX-TYO,2025-06-15 06:59:00,66,0.95,MEDIUM,520.0,587.08,12.9,20,0.0536,4,2080.0,2348.32,268.32000000000016,533.85,9.97,0.639,9
LAX-TYO,2025-06-15 07:00:00,66,0.85,MEDIUM,520.0,587.08,12.9,20,0.0431,3,1560.0,1761.2400000000002,201.24000000000024,547.97,7.14,0.807,47
LAX-TYO,2025-06-15 07:01:00,24,0.32,LOW,520.0,561.08,7.9,30,0.0157,0,0.0,0.0,0.0,498.88,12.47,0.723,15
LAX-TYO,2025-06-15 07:02:00,22,0.35,LOW,520.0,561.08,7.9,30,0.0146,0,0.0,0.0,0.0,511.29,9.74,0.903,48
LAX-TYO,2025-06-15 07:03:00,24,0.48,LOW,520.0,561.08,7.9,30,0.0224,1,520.0,561.08,41.08000000000004,570.76,-1.7,0.928,82
LAX-TYO,2025-06-15 07:04:00,24,0.59,LOW,520.0,561.08,7.9,30,0.0189,0,0.0,0.0,0.0,502.61,11.63,0.698,42
LAX-TYO,2025-06-15 07:05:00,25,0.78,LOW,520.0,561.08,7.9,30,0.0236,1,520.0,561.08,41.08000000000004,556.73,0.78,0.649,60
LAX-TYO,2025-06-15 07:06:00,12,0.5,LOW,520.0,561.08,7.9,30,0.0224,0,0.0,0.0,0.0,519.52,8.0,0.878,84
LAX-TYO,2025-06-15 07:07:00,14,0.65,LOW,520.0,561.08,7.9,30,0.0196,0,0.0,0.0,0.0,534.49,4.97,0.665,70
LAX-TYO,2025-06-15 07:08:00,12,0.61,LOW,520.0,561.08,7.9,30,0.0158,0,0.0,0.0,0.0,524.02,7.07,0.895,12
LAX-TYO,2025-06-15 07:09:00,23,1.32,MEDIUM,520.0,592.07,13.9,20,0.0324,1,520.0,592.07,72.07000000000005,530.99,11.5,0.728,2
LAX-TYO,2025-06-15 07:10:00,21,1.22,LOW,520.0,564.51,8.6,30,0.0178,0,0.0,0.0,0.0,568.78,-0.75,0.83,7
LAX-TYO,2025-06-15 07:11:00,14,0.85,LOW,520.0,561.08,7.9,30,0.0243,0,0.0,0.0,0.0,524.9,6.89,0.59,80
LAX-TYO,2025-06-15 07:12:00,18,1.07,LOW,520.0,562.17,8.1,30,0.0211,0,0.0,0.0,0.0,552.91,1.67,0.812,3
LAX-TYO,2025-06-15 07:13:00,17,0.97,LOW,520.0,561.08,7.9,30,0.0138,0,0.0,0.0,0.0,543.51,3.23,0.74,3
LAX-TYO,2025-06-15 07:14:00,17,0.91,LOW,520.0,561.08,7.9,30,0.0209,0,0.0,0.0,0.0,563.02,-0.34,0.796,27
LAX-TYO,2025-06-15 07:15:00,25,1.44,MEDIUM,520.0,593.94,14.2,20,0.0419,1,520.0,593.94,73.94000000000005,591.43,0.42,0.621,40
LAX-TYO,2025-06-15 07:16:00,15,0.82,LOW,520.0,561.08,7.9,30,0.0156,0,0.0,0.0,0.0,570.19,-1.6,0.859,33
LAX-TYO,2025-06-15 07:17:00,24,1.3,MEDIUM,520.0,591.76,13.8,20,0.0408,1,520.0,591.76,71.75999999999999,516.35,14.6,0.912,1
LAX-TYO,2025-06-15 07:18:00,16,0.82,LOW,520.0,561.08,7.9,30,0.0203,0,0.0,0.0,0.0,497.24,12.84,0.641,8
LAX-TYO,2025-06-15 07:19:00,19,0.98,LOW,520.0,561.08,7.9,30,0.0143,0,0.0,0.0,0.0,521.28,7.64,0.59,32
LAX-TYO,2025-06-15 07:20:00,25,1.26,LOW,520.0,565.14,8.7,30,0.0218,1,520.0,565.14,45.139999999999986,555.89,1.66,0.56,48
LAX-TYO,2025-06-15 07:21:00,18,0.91,LOW,520.0,561.08,7.9,30,0.0228,0,0.0,0.0,0.0,499.35,12.36,0.82,4
LAX-TYO,2025-06-15 07:22:00,13,0.64,LOW,520.0,561.08,7.9,30,0.0254,0,0.0,0.0,0.0,545.62,2.83,0.805,70
LAX-TYO,2025-06-15 07:23:00,25,1.37,MEDIUM,520.0,592.85,14.0,20,0.0453,1,520.0,592.85,72.85000000000002,556.07,6.61,0.78,19
LAX-TYO,2025-06-15 07:24:00,14,0.7,LOW,520.0,561.08,7.9,30,0.0131,0,0.0,0.0,0.0,528.76,6.11,0.647,32
LAX-TYO,2025-06-15 07:25:00,12,0.63,LOW,520.0,561.08,7.9,30,0.0153,0,0.0,0.0,0.0,574.17,-2.28,0.714,9
LAX-TYO,2025-06-15 07:26:00,11,0.67,LOW,520.0,561.08,7.9,30,0.0226,0,0.0,0.0,0.0,505.09,11.09,0.8,12
LAX-TYO,2025-06-15 07:27:00,13,0.87,LOW,520.0,561.08,7.9,30,0.0226,0,0.0,0.0,0.0,501.81,11.81,0.759,11
LAX-TYO,2025-06-15 07:28:00,18,1.2,LOW,520.0,564.2,8.5,30,0.0226,0,0.0,0.0,0.0,569.73,-0.97,0.965,46
LAX-TYO,2025-06-15 07:29:00,16,1.18,LOW,520.0,563.89,8.4,30,0.0393,1,520.0,563.89,43.889999999999986,545.53,3.37,0.607,16
LAX-TYO,2025-06-15 07:30:00,232,16.57,SURGE,520.0,706.68,35.9,7,0.1129,26,13520.0,18373.68,4853.68,565.59,24.95,0.842,1
LAX-TYO,2025-06-15 07:31:00,242,4.17,SURGE,520.0,706.68,35.9,7,0.1157,28,14560.0,19787.039999999997,5227.039999999997,539.22,31.06,0.72,63
LAX-TYO,2025-06-15 07:32:00,241,2.31,SURGE,520.0,685.52,31.8,7,0.1148,28,14560.0,19194.559999999998,4634.559999999998,519.63,31.92,0.73,21
LAX-TYO,2025-06-15 07:33:00,207,1.38,SURGE,520.0,671.01,29.0,7,0.1133,23,11960.0,15433.23,3473.2299999999996,579.19,15.85,0.851,30
LAX-TYO,2025-06-15 07:34:00,231,1.23,SURGE,520.0,668.67,28.6,7,0.1084,25,13000.0,16716.75,3716.75,577.14,15.86,0.841,13
LAX-TYO,2025-06-15 07:35:00,187,0.81,SURGE,520.0,665.08,27.9,7,0.1138,21,10920.0,13966.68,3046.6800000000003,566.25,17.45,0.966,34
LAX-TYO,2025-06-15 07:36:00,16,0.07,LOW,520.0,561.08,7.9,30,0.0161,0,0.0,0.0,0.0,522.3,7.42,0.604,4
LAX-TYO,2025-06-15 07:37:00,23,0.13,LOW,520.0,561.08,7.9,30,0.0188,0,0.0,0.0,0.0,555.38,1.03,0.594,28
LAX-TYO,2025-06-15 07:38:00,11,0.08,LOW,520.0,561.08,7.9,30,0.0176,0,0.0,0.0,0.0,531.54,5.56,0.854,59
LAX-TYO,2025-06-15 07:39:00,23,0.25,LOW,520.0,561.08,7.9,30,0.0204,0,0.0,0.0,0.0,503.52,11.43,0.793,27
LAX-TYO,2025-06-15 07:40:00,19,0.37,LOW,520.0,561.08,7.9,30,0.0316,1,520.0,561.08,41.08000000000004,589.4,-4.8,0.665,69
LAX-TYO,2025-06-15 07:41:00,25,1.36,MEDIUM,520.0,592.7,14.0,20,0.0307,1,520.0,592.7,72.70000000000005,508.23,16.62,0.583,25
LAX-TYO,2025-06-15 07:42:00,20,0.99,LOW,520.0,561.08,7.9,30,0.0234,0,0.0,0.0,0.0,592.82,-5.35,0.586,3
LAX-TYO,2025-06-15 07:43:00,24,1.22,LOW,520.0,564.51,8.6,30,0.0119,0,0.0,0.0,0.0,540.38,4.47,0.926,68
LAX-TYO,2025-06-15 07:44:00,26,1.17,LOW,520.0,563.73,8.4,30,0.0176,0,0.0,0.0,0.0,513.25,9.84,0.631,25
LAX-TYO,2025-06-15 07:45:00,15,0.66,LOW,520.0,561.08,7.9,30,0.0254,0,0.0,0.0,0.0,550.36,1.95,0.686,20
LAX-TYO,2025-06-15 07:46:00,17,0.77,LOW,520.0,561.08,7.9,30,0.0203,0,0.0,0.0,0.0,584.79,-4.05,0.645,34
LAX-TYO,2025-06-15 07:47:00,20,0.98,LOW,520.0,561.08,7.9,30,0.0146,0,0.0,0.0,0.0,570.15,-1.59,0.699,26
LAX-TYO,2025-06-15 07:48:00,17,0.83,LOW,520.0,561.08,7.9,30,0.0164,0,0.0,0.0,0.0,577.88,-2.91,0.579,5
LAX-TYO,2025-06-15 07:49:00,12,0.63,LOW,520.0,561.08,7.9,30,0.0234,0,0.0,0.0,0.0,562.51,-0.25,0.768,61
LAX-TYO,2025-06-15 07:50:00,12,0.74,LOW,520.0,561.08,7.9,30,0.0163,0,0.0,0.0,0.0,566.0,-0.87,0.578,9
LAX-TYO,2025-06-15 07:51:00,21,1.35,MEDIUM,520.0,592.54,13.9,20,0.0411,1,520.0,592.54,72.53999999999996,582.32,1.76,0.886,50
LAX-TYO,2025-06-15 07:52:00,12,0.73,LOW,520.0,561.08,7.9,30,0.0202,0,0.0,0.0,0.0,519.97,7.91,0.648,6
LAX-TYO,2025-06-15 07:53:00,12,0.81,LOW,520.0,561.08,7.9,30,0.0167,0,0.0,0.0,0.0,544.9,2.97,0.777,83
LAX-TYO,2025-06-15 07:54:00,26,1.88,MEDIUM,520.0,600.81,15.5,20,0.0507,1,520.0,600.81,80.80999999999995,517.01,16.21,0.92,60
LAX-TYO,2025-06-15 07:55:00,16,0.96,LOW,520.0,561.08,7.9,30,0.0232,0,0.0,0.0,0.0,596.72,-5.97,0.823,44
LAX-TYO,2025-06-15 07:56:00,12,0.69,LOW,520.0,561.08,7.9,30,0.01,0,0.0,0.0,0.0,592.18,-5.25,0.774,11
LAX-TYO,2025-06-15 07:57:00,13,0.83,LOW,520.0,561.08,7.9,30,0.0209,0,0.0,0.0,0.0,498.1,12.64,0.686,66
LAX-TYO,2025-06-15 07:58:00,16,1.01,LOW,520.0,561.24,7.9,30,0.0167,0,0.0,0.0,0.0,567.38,-1.08,0.69,47
LAX-TYO,2025-06-15 07:59:00,13,0.78,LOW,520.0,561.08,7.9,30,0.0243,0,0.0,0.0,0.0,590.23,-4.94,0.831,73
MIA-MAD,2025-06-15 06:00:00,8,8.0,SURGE,520.0,706.68,35.9,7,0.106,1,520.0,706.68,186.67999999999995,512.78,37.81,0.968,85
MIA-MAD,2025-06-15 06:01:00,13,1.62,MEDIUM,520.0,596.75,14.8,20,0.0394,1,520.0,596.75,76.75,553.07,7.9,0.828,88
MIA-MAD,2025-06-15 06:02:00,10,0.95,LOW,520.0,561.08,7.9,30,0.0225,0,0.0,0.0,0.0,589.21,-4.77,0.784,86
MIA-MAD,2025-06-15 06:03:00,13,1.26,LOW,520.0,565.14,8.7,30,0.0243,0,0.0,0.0,0.0,497.53,13.59,0.857,3
MIA-MAD,2025-06-15 06:04:00,6,0.55,LOW,520.0,561.08,7.9,30,0.014,0,0.0,0.0,0.0,566.53,-0.96,0.745,76
MIA-MAD,2025-06-15 06:05:00,8,0.8,LOW,520.0,561.08,7.9,30,0.0183,0,0.0,0.0,0.0,524.92,6.89,0.575,30
MIA-MAD,2025-06-15 06:06:00,18,1.8,MEDIUM,520.0,599.56,15.3,20,0.0376,1,520.0,599.56,79.55999999999995,590.14,1.6,0.786,21
MIA-MAD,2025-06-15 06:07:00,16,1.45,MEDIUM,520.0,594.1,14.3,20,0.0367,1,520.0,594.1,74.10000000000002,594.99,-0.15,0.952,28
MIA-MAD,2025-06-15 06:08:00,15,1.23,LOW,520.0,564.67,8.6,30,0.0288,0,0.0,0.0,0.0,592.2,-4.65,0.624,62
MIA-MAD,2025-06-15 06:09:00,18,1.43,MEDIUM,520.0,593.79,14.2,20,0.042,1,520.0,593.79,73.78999999999996,543.32,9.29,0.84,33
MIA-MAD,2025-06-15 06:10:00,8,0.53,LOW,520.0,561.08,7.9,30,0.0137,0,0.0,0.0,0.0,583.65,-3.87,0.634,85
MIA-MAD,2025-06-15 06:11:00,17,1.13,LOW,520.0,563.11,8.3,30,0.0246,0,0.0,0.0,0.0,581.83,-3.22,0.775,35
MIA-MAD,2025-06-15 06:12:00,11,0.74,LOW,520.0,561.08,7.9,30,0.0306,0,0.0,0.0,0.0,527.19,6.43,0.591,52
MIA-MAD,2025-06-15 06:13:00,13,0.94,LOW,520.0,561.08,7.9,30,0.0252,0,0.0,0.0,0.0,580.21,-3.3,0.739,34
MIA-MAD,2025-06-15 06:14:00,6,0.45,LOW,520.0,561.08,7.9,30,0.0124,0,0.0,0.0,0.0,497.85,12.7,0.868,41
MIA-MAD,2025-06-15 06:15:00,18,1.64,MEDIUM,520.0,597.06,14.8,20,0.0376,1,520.0,597.06,77.05999999999995,556.01,7.38,0.696,51
MIA-MAD,2025-06-15 06:16:00,5,0.38,LOW,520.0,561.08,7.9,30,0.0263,0,0.0,0.0,0.0,517.92,8.33,0.829,47
MIA-MAD,2025-06-15 06:17:00,11,1.04,LOW,520.0,561.7,8.0,30,0.0165,0,0.0,0.0,0.0,506.54,10.89,0.884,82
MIA-MAD,2025-06-15 06:18:00,16,1.51,MEDIUM,520.0,595.04,14.4,20,0.0422,1,520.0,595.04,75.03999999999996,502.0,18.53,0.939,58
MIA-MAD,2025-06-15 06:19:00,18,1.61,MEDIUM,520.0,596.6,14.7,20,0.0439,1,520.0,596.6,76.60000000000002,566.41,5.33,0.649,75
MIA-MAD,2025-06-15 06:20:00,128,9.41,SURGE,520.0,706.68,35.9,7,0.1054,13,6760.0,9186.84,2426.84,529.35,33.5,0.718,57
MIA-MAD,2025-06-15 06:21:00,162,4.55,SURGE,520.0,706.68,35.9,7,0.1097,18,9360.0,12720.24,3360.24,569.38,24.11,0.614,23
MIA-MAD,2025-06-15 06:22:00,199,2.97,SURGE,520.0,695.81,33.8,7,0.0938,19,9880.0,13220.39,3340.3899999999994,500.8,38.94,0.967,48
MIA-MAD,2025-06-15 06:23:00,160,1.53,SURGE,520.0,673.35,29.5,7,0.1049,17,8840.0,11446.95,2606.9500000000007,526.79,27.82,0.939,22
MIA-MAD,2025-06-15 06:24:00,135,1.01,HIGH,520.0,623.64,19.9,12,0.0687,9,4680.0,5612.76,932.7600000000002,550.11,13.37,0.777,17
MIA-MAD,2025-06-15 06:25:00,158,1.01,SURGE,520.0,665.24,27.9,7,0.1038,16,8320.0,10643.84,2323.84,576.24,15.44,0.904,69
MIA-MAD,2025-06-15 06:26:00,14,0.09,LOW,520.0,561.08,7.9,30,0.0282,0,0.0,0.0,0.0,527.15,6.44,0.769,11
MIA-MAD,2025-06-15 06:27:00,18,0.14,LOW,520.0,561.08,7.9,30,0.0128,0,0.0,0.0,0.0,559.09,0.36,0.812,15
MIA-MAD,2025-06-15 06:28:00,15,0.15,LOW,520.0,561.08,7.9,30,0.0178,0,0.0,0.0,0.0,586.14,-4.28,0.587,35
MIA-MAD,2025-06-15 06:29:00,17,0.25,LOW,520.0,561.08,7.9,30,0.0207,0,0.0,0.0,0.0,558.05,0.54,0.867,33
MIA-MAD,2025-06-15 06:30:00,14,0.32,LOW,520.0,561.08,7.9,30,0.0272,0,0.0,0.0,0.0,518.23,8.27,0.604,84
MIA-MAD,2025-06-15 06:31:00,9,0.58,LOW,520.0,561.08,7.9,30,0.0128,0,0.0,0.0,0.0,496.54,13.0,0.897,16
MIA-MAD,2025-06-15 06:32:00,11,0.75,LOW,520.0,561.08,7.9,30,0.0258,0,0.0,0.0,0.0,584.49,-4.01,0.878,34
MIA-MAD,2025-06-15 06:33:00,18,1.36,MEDIUM,520.0,592.7,14.0,20,0.0401,1,520.0,592.7,72.70000000000005,496.21,19.45,0.848,66
MIA-MAD,2025-06-15 06:34:00,17,1.23,LOW,520.0,564.67,8.6,30,0.0151,0,0.0,0.0,0.0,584.97,-3.47,0.565,40
MIA-MAD,2025-06-15 06:35:00,10,0.72,LOW,520.0,561.08,7.9,30,0.0223,0,0.0,0.0,0.0,549.01,2.2,0.677,28
MIA-MAD,2025-06-15 06:36:00,14,1.08,LOW,520.0,562.33,8.1,30,0.021,0,0.0,0.0,0.0,591.66,-4.96,0.661,47
MIA-MAD,2025-06-15 06:37:00,17,1.21,LOW,520.0,564.36,8.5,30,0.017,0,0.0,0.0,0.0,577.07,-2.2,0.701,39
MIA-MAD,2025-06-15 06:38:00,5,0.33,LOW,520.0,561.08,7.9,30,0.0203,0,0.0,0.0,0.0,597.79,-6.14,0.587,70
MIA-MAD,2025-06-15 06:39:00,14,1.11,LOW,520.0,562.8,8.2,30,0.0181,0,0.0,0.0,0.0,530.47,6.09,0.944,73
MIA-MAD,2025-06-15 06:40:00,14,1.17,LOW,520.0,563.73,8.4,30,0.0206,0,0.0,0.0,0.0,573.79,-1.75,0.783,20
MIA-MAD,2025-06-15 06:41:00,11,0.86,LOW,520.0,561.08,7.9,30,0.0233,0,0.0,0.0,0.0,535.8,4.72,0.678,1
MIA-MAD,2025-06-15 06:42:00,18,1.48,MEDIUM,520.0,594.57,14.3,20,0.0479,1,520.0,594.57,74.57000000000005,543.91,9.31,0.717,72
MIA-MAD,2025-06-15 06:43:00,15,1.21,LOW,520.0,564.36,8.5,30,0.0138,0,0.0,0.0,0.0,559.26,0.91,0.738,87
MIA-MAD,2025-06-15 06:44:00,19,1.32,MEDIUM,520.0,592.07,13.9,20,0.0507,1,520.0,592.07,72.07000000000005,584.86,1.23,0.802,63
MIA-MAD,2025-06-15 06:45:00,19,1.23,LOW,520.0,564.67,8.6,30,0.0102,0,0.0,0.0,0.0,596.34,-5.31,0.767,67
MIA-MAD,2025-06-15 06:46:00,19,1.16,LOW,520.0,563.58,8.4,30,0.0192,0,0.0,0.0,0.0,573.9,-1.8,0.936,4
MIA-MAD,2025-06-15 06:47:00,11,0.61,LOW,520.0,561.08,7.9,30,0.0229,0,0.0,0.0,0.0,537.45,4.4,0.759,58
MIA-MAD,2025-06-15 06:48:00,20,1.2,LOW,520.0,564.2,8.5,30,0.0214,0,0.0,0.0,0.0,537.82,4.9,0.967,25
MIA-MAD,2025-06-15 06:49:00,10,0.57,LOW,520.0,561.08,7.9,30,0.0169,0,0.0,0.0,0.0,570.71,-1.69,0.908,47
MIA-MAD,2025-06-15 06:50:00,7,0.44,LOW,520.0,561.08,7.9,30,0.019,0,0.0,0.0,0.0,518.83,8.14,0.638,38
MIA-MAD,2025-06-15 06:51:00,14,1.04,LOW,520.0,561.7,8.0,30,0.0175,0,0.0,0.0,0.0,505.49,11.12,0.941,15
MIA-MAD,2025-06-15 06:52:00,15,1.21,LOW,520.0,564.36,8.5,30,0.0171,0,0.0,0.0,0.0,530.88,6.31,0.599,63
MIA-MAD,2025-06-15 06:53:00,7,0.53,LOW,520.0,561.08,7.9,30,0.0242,0,0.0,0.0,0.0,523.87,7.1,0.893,21
MIA-MAD,2025-06-15 06:54:00,12,1.13,LOW,520.0,563.11,8.3,30,0.0218,0,0.0,0.0,0.0,524.82,7.3,0.71,57
MIA-MAD,2025-06-15 06:55:00,79,7.18,SURGE,520.0,706.68,35.9,7,0.1065,8,4160.0,5653.44,1493.4399999999996,518.3,36.35,0.919,53
MIA-MAD,2025-06-15 06:56:00,74,2.91,HIGH,520.0,653.28,25.6,12,0.0745,6,3120.0,3919.68,799.6799999999998,498.38,31.08,0.915,46
MIA-MAD,2025-06-15 06:57:00,72,1.93,MEDIUM,520.0,601.59,15.7,20,0.0415,3,1560.0,1804.77,244.76999999999998,495.86,21.32,0.888,14
MIA-MAD,2025-06-15 06:58:00,69,1.41,MEDIUM,520.0,593.48,14.1,20,0.0441,3,1560.0,1780.44,220.44000000000005,596.72,-0.54,0.882,76
MIA-MAD,2025-06-15 06:59:00,61,1.0,MEDIUM,520.0,587.08,12.9,20,0.0431,3,1560.0,1761.2400000000002,201.24000000000024,538.49,9.02,0.678,17
MIA-MAD,2025-06-15 07:00:00,62,0.87,MEDIUM,520.0,587.08,12.9,20,0.0359,2,1040.0,1174.16,134.16000000000008,533.97,9.95,0.584,39
MIA-MAD,2025-06-15 07:01:00,12,0.18,LOW,520.0,561.08,7.9,30,0.0172,0,0.0,0.0,0.0,564.68,-0.64,0.719,9
MIA-MAD,2025-06-15 07:02:00,20,0.36,LOW,520.0,561.08,7.9,30,0.0237,0,0.0,0.0,0.0,516.7,8.59,0.623,77
MIA-MAD,2025-06-15 07:03:00,7,0.16,LOW,520.0,561.08,7.9,30,0.0231,0,0.0,0.0,0.0,592.8,-5.35,0.842,79
MIA-MAD,2025-06-15 07:04:00,19,0.59,LOW,520.0,561.08,7.9,30,0.0199,0,0.0,0.0,0.0,575.78,-2.55,0.695,82
MIA-MAD,2025-06-15 07:05:00,18,0.75,LOW,520.0,561.08,7.9,30,0.0206,0,0.0,0.0,0.0,503.3,11.48,0.96,6
MIA-MAD,2025-06-15 07:06:00,11,0.72,LOW,520.0,561.08,7.9,30,0.0264,0,0.0,0.0,0.0,537.43,4.4,0.819,23
MIA-MAD,2025-06-15 07:07:00,17,1.13,LOW,520.0,563.11,8.3,30,0.017,0,0.0,0.0,0.0,585.43,-3.81,0.895,59
MIA-MAD,2025-06-15 07:08:00,20,1.39,MEDIUM,520.0,593.16,14.1,20,0.0427,1,520.0,593.16,73.15999999999997,592.25,0.15,0.606,46
MIA-MAD,2025-06-15 07:09:00,17,1.0,LOW,520.0,561.08,7.9,30,0.019,0,0.0,0.0,0.0,542.61,3.4,0.912,38
MIA-MAD,2025-06-15 07:10:00,12,0.72,LOW,520.0,561.08,7.9,30,0.0189,0,0.0,0.0,0.0,557.79,0.59,0.938,14
MIA-MAD,2025-06-15 07:11:00,9,0.58,LOW,520.0,561.08,7.9,30,0.0255,0,0.0,0.0,0.0,511.37,9.72,0.755,72
MIA-MAD,2025-06-15 07:12:00,5,0.33,LOW,520.0,561.08,7.9,30,0.0241,0,0.0,0.0,0.0,597.08,-6.03,0.805,62
MIA-MAD,2025-06-15 07:13:00,8,0.63,LOW,520.0,561.08,7.9,30,0.0241,0,0.0,0.0,0.0,518.09,8.3,0.871,35
MIA-MAD,2025-06-15 07:14:00,18,1.76,MEDIUM,520.0,598.94,15.2,20,0.0465,1,520.0,598.94,78.94000000000005,592.04,1.17,0.623,19
MIA-MAD,2025-06-15 07:15:00,12,1.15,LOW,520.0,563.42,8.3,30,0.0201,0,0.0,0.0,0.0,561.56,0.33,0.761,30
MIA-MAD,2025-06-15 07:16:00,10,0.96,LOW,520.0,561.08,7.9,30,0.0234,0,0.0,0.0,0.0,557.2,0.7,0.717,78
MIA-MAD,2025-06-15 07:17:00,19,1.79,MEDIUM,520.0,599.4,15.3,20,0.0384,1,520.0,599.4,79.39999999999998,547.32,9.52,0.611,84
MIA-MAD,2025-06-15 07:18:00,6,0.45,LOW,520.0,561.08,7.9,30,0.0216,0,0.0,0.0,0.0,517.99,8.32,0.704,25
MIA-MAD,2025-06-15 07:19:00,12,0.92,LOW,520.0,561.08,7.9,30,0.0193,0,0.0,0.0,0.0,512.36,9.51,0.579,40
MIA-MAD,2025-06-15 07:20:00,8,0.68,LOW,520.0,561.08,7.9,30,0.0205,0,0.0,0.0,0.0,516.93,8.54,0.561,88
MIA-MAD,2025-06-15 07:21:00,19,1.73,MEDIUM,520.0,598.47,15.1,20,0.043,1,520.0,598.47,78.47000000000003,513.39,16.57,0.607,14
MIA-MAD,2025-06-15 07:22:00,9,0.7,LOW,520.0,561.08,7.9,30,0.0159,0,0.0,0.0,0.0,575.08,-2.43,0.955,26
MIA-MAD,2025-06-15 07:23:00,19,1.76,MEDIUM,520.0,598.94,15.2,20,0.0505,1,520.0,598.94,78.94000000000005,530.41,12.92,0.781,87
MIA-MAD,2025-06-15 07:24:00,15,1.12,LOW,520.0,562.95,8.3,30,0.015,0,0.0,0.0,0.0,500.02,12.59,0.956,22
MIA-MAD,2025-06-15 07:25:00,19,1.36,MEDIUM,520.0,592.7,14.0,20,0.0339,1,520.0,592.7,72.70000000000005,594.79,-0.35,0.732,48
MIA-MAD,2025-06-15 07:26:00,18,1.11,LOW,520.0,562.8,8.2,30,0.0258,0,0.0,0.0,0.0,585.91,-3.94,0.681,83
MIA-MAD,2025-06-15 07:27:00,19,1.19,LOW,520.0,564.04,8.5,30,0.024,0,0.0,0.0,0.0,590.49,-4.48,0.763,51
MIA-MAD,2025-06-15 07:28:00,10,0.56,LOW,520.0,561.08,7.9,30,0.0231,0,0.0,0.0,0.0,597.47,-6.09,0.735,3
MIA-MAD,2025-06-15 07:29:00,20,1.23,LOW,520.0,564.67,8.6,30,0.0231,0,0.0,0.0,0.0,512.09,10.27,0.594,42
MIA-MAD,2025-06-15 07:30:00,237,13.78,SURGE,520.0,706.68,35.9,7,0.1099,26,13520.0,18373.68,4853.68,535.21,32.04,0.819,19
MIA-MAD,2025-06-15 07:31:00,213,3.5,SURGE,520.0,704.08,35.4,7,0.1055,22,11440.0,15489.76,4049.76,572.86,22.91,0.641,73
MIA-MAD,2025-06-15 07:32:00,276,2.77,SURGE,520.0,692.69,33.2,7,0.1104,30,15600.0,20780.7,5180.700000000001,566.39,22.3,0.81,28
MIA-MAD,2025-06-15 07:33:00,211,1.4,SURGE,520.0,671.32,29.1,7,0.1066,22,11440.0,14769.04,3329.040000000001,510.01,31.63,0.823,84
MIA-MAD,2025-06-15 07:34:00,261,1.36,SURGE,520.0,670.7,29.0,7,0.1149,30,15600.0,20121.0,4521.0,578.85,15.87,0.614,45
MIA-MAD,2025-06-15 07:35:00,215,0.9,SURGE,520.0,665.08,27.9,7,0.1093,23,11960.0,15296.84,3336.84,517.34,28.56,0.576,71
MIA-MAD,2025-06-15 07:36:00,20,0.09,LOW,520.0,561.08,7.9,30,0.0159,0,0.0,0.0,0.0,517.28,8.47,0.878,78
MIA-MAD,2025-06-15 07:37:00,12,0.06,LOW,520.0,561.08,7.9,30,0.0184,0,0.0,0.0,0.0,549.85,2.04,0.743,63
MIA-MAD,2025-06-15 07:38:00,13,0.09,LOW,520.0,561.08,7.9,30,0.0221,0,0.0,0.0,0.0,555.67,0.97,0.574,73
MIA-MAD,2025-06-15 07:39:00,19,0.18,LOW,520.0,561.08,7.9,30,0.0172,0,0.0,0.0,0.0,554.33,1.22,0.968,19
MIA-MAD,2025-06-15 07:40:00,7,0.13,LOW,520.0,561.08,7.9,30,0.0159,0,0.0,0.0,0.0,503.51,11.43,0.574,47
MIA-MAD,2025-06-15 07:41:00,14,0.99,LOW,520.0,561.08,7.9,30,0.0212,0,0.0,0.0,0.0,585.26,-4.13,0.842,14
MIA-MAD,2025-06-15 07:42:00,12,0.92,LOW,520.0,561.08,7.9,30,0.0212,0,0.0,0.0,0.0,521.62,7.56,0.963,38
MIA-MAD,2025-06-15 07:43:00,13,1.0,LOW,520.0,561.08,7.9,30,0.0175,0,0.0,0.0,0.0,507.47,10.56,0.65,53
MIA-MAD,2025-06-15 07:44:00,15,1.15,LOW,520.0,563.42,8.3,30,0.0176,0,0.0,0.0,0.0,586.43,-3.92,0.61,61
MIA-MAD,2025-06-15 07:45:00,15,1.23,LOW,520.0,564.67,8.6,30,0.0212,0,0.0,0.0,0.0,593.39,-4.84,0.601,36
MIA-MAD,2025-06-15 07:46:00,7,0.51,LOW,520.0,561.08,7.9,30,0.0128,0,0.0,0.0,0.0,583.66,-3.87,0.677,40
MIA-MAD,2025-06-15 07:47:00,9,0.73,LOW,520.0,561.08,7.9,30,0.013,0,0.0,0.0,0.0,578.19,-2.96,0.592,81
MIA-MAD,2025-06-15 07:48:00,9,0.76,LOW,520.0,561.08,7.9,30,0.0164,0,0.0,0.0,0.0,562.15,-0.19,0.841,30
MIA-MAD,2025-06-15 07:49:00,12,1.09,LOW,520.0,562.48,8.2,30,0.0189,0,0.0,0.0,0.0,551.29,2.03,0.576,9
MIA-MAD,2025-06-15 07:50:00,17,1.63,MEDIUM,520.0,596.91,14.8,20,0.0416,1,520.0,596.91,76.90999999999997,503.05,18.66,0.764,64
MIA-MAD,2025-06-15 07:51:00,9,0.83,LOW,520.0,561.08,7.9,30,0.0274,0,0.0,0.0,0.0,536.48,4.59,0.969,33
MIA-MAD,2025-06-15 07:52:00,11,0.98,LOW,520.0,561.08,7.9,30,0.0243,0,0.0,0.0,0.0,532.76,5.32,0.892,52
MIA-MAD,2025-06-15 07:53:00,7,0.6,LOW,520.0,561.08,7.9,30,0.0192,0,0.0,0.0,0.0,521.01,7.69,0.808,89
MIA-MAD,2025-06-15 07:54:00,18,1.61,MEDIUM,520.0,596.6,14.7,20,0.0399,1,520.0,596.6,76.60000000000002,569.24,4.81,0.679,14
MIA-MAD,2025-06-15 07:55:00,18,1.45,MEDIUM,520.0,594.1,14.3,20,0.035,1,520.0,594.1,74.10000000000002,545.57,8.9,0.812,75
MIA-MAD,2025-06-15 07:56:00,15,1.19,LOW,520.0,564.04,8.5,30,0.0199,0,0.0,0.0,0.0,502.43,12.26,0.771,53
MIA-MAD,2025-06-15 07:57:00,19,1.38,MEDIUM,520.0,593.01,14.0,20,0.0386,1,520.0,593.01,73.00999999999999,516.9,14.72,0.729,59
MIA-MAD,2025-06-15 07:58:00,18,1.17,LOW,520.0,563.73,8.4,30,0.0216,0,0.0,0.0,0.0,565.06,-0.24,0.605,78
MIA-MAD,2025-06-15 07:59:00,6,0.34,LOW,520.0,561.08,7.9,30,0.0159,0,0.0,0.0,0.0,501.92,11.79,0.922,41
NYC-LON,2025-06-15 06:00:00,8,8.0,SURGE,520.0,706.68,35.9,7,0.1126,1,520.0,706.68,186.67999999999995,582.53,21.31,0.739,68
NYC-LON,2025-06-15 06:01:00,16,2.0,HIGH,520.0,639.08,22.9,12,0.0777,1,520.0,639.08,119.08000000000004,545.5,17.15,0.632,68
NYC-LON,2025-06-15 06:02:00,15,1.25,LOW,520.0,564.98,8.7,30,0.0195,0,0.0,0.0,0.0,543.98,3.86,0.704,8
NYC-LON,2025-06-15 06:03:00,15,1.15,LOW,520.0,563.42,8.3,30,0.022,0,0.0,0.0,0.0,555.61,1.41,0.724,2
NYC-LON,2025-06-15 06:04:00,12,0.89,LOW,520.0,561.08,7.9,30,0.0235,0,0.0,0.0,0.0,579.77,-3.22,0.898,86
NYC-LON,2025-06-15 06:05:00,11,0.83,LOW,520.0,561.08,7.9,30,0.018,0,0.0,0.0,0.0,530.17,5.83,0.858,41
NYC-LON,2025-06-15 06:06:00,10,0.72,LOW,520.0,561.08,7.9,30,0.0211,0,0.0,0.0,0.0,564.51,-0.61,0.873,55
NYC-LON,2025-06-15 06:07:00,21,1.67,MEDIUM,520.0,597.53,14.9,20,0.0401,1,520.0,597.53,77.52999999999997,552.84,8.08,0.555,16
NYC-LON,2025-06-15 06:08:00,9,0.65,LOW,520.0,561.08,7.9,30,0.0205,0,0.0,0.0,0.0,521.77,7.53,0.725,62
NYC-LON,2025-06-15 06:09:00,8,0.63,LOW,520.0,561.08,7.9,30,0.0161,0,0.0,0.0,0.0,585.38,-4.15,0.752,48
NYC-LON,2025-06-15 06:10:00,10,0.85,LOW,520.0,561.08,7.9,30,0.0201,0,0.0,0.0,0.0,576.93,-2.75,0.558,30
NYC-LON,2025-06-15 06:11:00,14,1.21,LOW,520.0,564.36,8.5,30,0.0225,0,0.0,0.0,0.0,562.48,0.33,0.659,12
NYC-LON,2025-06-15 06:12:00,15,1.21,LOW,520.0,564.36,8.5,30,0.0273,0,0.0,0.0,0.0,582.46,-3.11,0.869,35
NYC-LON,2025-06-15 06:13:00,8,0.71,LOW,520.0,561.08,7.9,30,0.0248,0,0.0,0.0,0.0,584.2,-3.96,0.608,11
NYC-LON,2025-06-15 06:14:00,14,1.27,LOW,520.0,565.29,8.7,30,0.0308,0,0.0,0.0,0.0,567.67,-0.42,0.775,64
NYC-LON,2025-06-15 06:15:00,21,1.72,MEDIUM,520.0,598.31,15.1,20,0.0362,1,520.0,598.31,78.30999999999995,581.05,2.97,0.64,50
NYC-LON,2025-06-15 06:16:00,15,1.04,LOW,520.0,561.7,8.0,30,0.0244,0,0.0,0.0,0.0,566.54,-0.85,0.555,85
NYC-LON,2025-06-15 06:17:00,22,1.51,MEDIUM,520.0,595.04,14.4,20,0.0409,1,520.0,595.04,75.03999999999996,564.73,5.37,0.651,21
NYC-LON,2025-06-15 06:18:00,16,1.0,LOW,520.0,561.08,7.9,30,0.0309,0,0.0,0.0,0.0,558.34,0.49,0.96,69
NYC-LON,2025-06-15 06:19:00,8,0.45,LOW,520.0,561.08,7.9,30,0.016,0,0.0,0.0,0.0,572.28,-1.96,0.887,48
NYC-LON,2025-06-15 06:20:00,140,8.54,SURGE,520.0,706.68,35.9,7,0.1058,15,7800.0,10600.199999999999,2800.199999999999,510.49,38.43,0.953,20
NYC-LON,2025-06-15 06:21:00,174,4.33,SURGE,520.0,706.68,35.9,7,0.107,19,9880.0,13426.919999999998,3546.9199999999983,585.61,20.67,0.755,67
NYC-LON,2025-06-15 06:22:00,163,2.26,SURGE,520.0,684.74,31.7,7,0.0994,16,8320.0,10955.84,2635.84,584.67,17.12,0.596,44
NYC-LON,2025-06-15 06:23:00,155,1.55,SURGE,520.0,673.66,29.5,7,0.1074,17,8840.0,11452.22,2612.2199999999993,497.04,35.53,0.78,33
NYC-LON,2025-06-15 06:24:00,139,1.09,HIGH,520.0,624.88,20.2,12,0.0662,9,4680.0,5623.92,943.9200000000001,579.88,7.76,0.741,73
NYC-LON,2025-06-15 06:25:00,147,0.95,HIGH,520.0,623.48,19.9,12,0.0708,10,5200.0,6234.8,1034.8000000000002,507.4,22.88,0.905,61
NYC-LON,2025-06-15 06:26:00,18,0.12,LOW,520.0,561.08,7.9,30,0.0217,0,0.0,0.0,0.0,528.85,6.09,0.591,9
NYC-LON,2025-06-15 06:27:00,11,0.09,LOW,520.0,561.08,7.9,30,0.0294,0,0.0,0.0,0.0,571.32,-1.79,0.755,68
NYC-LON,2025-06-15 06:28:00,10,0.11,LOW,520.0,561.08,7.9,30,0.0248,0,0.0,0.0,0.0,510.72,9.86,0.613,35
NYC-LON,2025-06-15 06:29:00,20,0.31,LOW,520.0,561.08,7.9,30,0.0171,0,0.0,0.0,0.0,579.07,-3.11,0.686,81
NYC-LON,2025-06-15 06:30:00,11,0.27,LOW,520.0,561.08,7.9,30,0.0155,0,0.0,0.0,0.0,580.54,-3.35,0.86,88
NYC-LON,2025-06-15 06:31:00,19,1.36,MEDIUM,520.0,592.7,14.0,20,0.0425,1,520.0,592.7,72.70000000000005,546.78,8.4,0.75,65
NYC-LON,2025-06-15 06:32:00,19,1.34,MEDIUM,520.0,592.38,13.9,20,0.0334,1,520.0,592.38,72.38,494.66,19.75,0.708,8
NYC-LON,2025-06-15 06:33:00,16,1.01,LOW,520.0,561.24,7.9,30,0.0292,0,0.0,0.0,0.0,523.85,7.14,0.716,45
NYC-LON,2025-06-15 06:34:00,9,0.53,LOW,520.0,561.08,7.9,30,0.0259,0,0.0,0.0,0.0,558.16,0.52,0.743,87
NYC-LON,2025-06-15 06:35:00,22,1.49,MEDIUM,520.0,594.72,14.4,20,0.0377,1,520.0,594.72,74.72000000000003,596.04,-0.22,0.88,47
NYC-LON,2025-06-15 06:36:00,11,0.65,LOW,520.0,561.08,7.9,30,0.0114,0,0.0,0.0,0.0,559.71,0.24,0.925,40
NYC-LON,2025-06-15 06:37:00,20,1.3,MEDIUM,520.0,591.76,13.8,20,0.0468,1,520.0,591.76,71.75999999999999,521.02,13.58,0.951,76
NYC-LON,2025-06-15 06:38:00,10,0.64,LOW,520.0,561.08,7.9,30,0.0194,0,0.0,0.0,0.0,559.94,0.2,0.88,54
NYC-LON,2025-06-15 06:39:00,17,1.18,LOW,520.0,563.89,8.4,30,0.0262,0,0.0,0.0,0.0,550.16,2.5,0.682,76
NYC-LON,2025-06-15 06:40:00,19,1.19,LOW,520.0,564.04,8.5,30,0.012,0,0.0,0.0,0.0,575.1,-1.92,0.839,46
NYC-LON,2025-06-15 06:41:00,14,0.91,LOW,520.0,561.08,7.9,30,0.017,0,0.0,0.0,0.0,505.13,11.08,0.734,47
NYC-LON,2025-06-15 06:42:00,10,0.62,LOW,520.0,561.08,7.9,30,0.02,0,0.0,0.0,0.0,573.15,-2.11,0.657,15
NYC-LON,2025-06-15 06:43:00,9,0.64,LOW,520.0,561.08,7.9,30,0.0202,0,0.0,0.0,0.0,550.29,1.96,0.903,19
NYC-LON,2025-06-15 06:44:00,15,1.09,LOW,520.0,562.48,8.2,30,0.0177,0,0.0,0.0,0.0,594.15,-5.33,0.566,26
NYC-LON,2025-06-15 06:45:00,17,1.27,LOW,520.0,565.29,8.7,30,0.0231,0,0.0,0.0,0.0,529.55,6.75,0.929,52
NYC-LON,2025-06-15 06:46:00,10,0.77,LOW,520.0,561.08,7.9,30,0.0147,0,0.0,0.0,0.0,559.79,0.23,0.744,22
NYC-LON,2025-06-15 06:47:00,15,1.23,LOW,520.0,564.67,8.6,30,0.0193,0,0.0,0.0,0.0,590.93,-4.44,0.818,21
NYC-LON,2025-06-15 06:48:00,11,0.83,LOW,520.0,561.08,7.9,30,0.0206,0,0.0,0.0,0.0,504.66,11.18,0.827,51
NYC-LON,2025-06-15 06:49:00,20,1.47,MEDIUM,520.0,594.41,14.3,20,0.0426,1,520.0,594.41,74.40999999999997,591.47,0.5,0.926,38
NYC-LON,2025-06-15 06:50:00,16,1.1,LOW,520.0,562.64,8.2,30,0.0236,0,0.0,0.0,0.0,565.54,-0.51,0.817,20
NYC-LON,2025-06-15 06:51:00,22,1.53,MEDIUM,520.0,595.35,14.5,20,0.0344,1,520.0,595.35,75.35000000000002,501.06,18.82,0.808,29
NYC-LON,2025-06-15 06:52:00,19,1.13,LOW,520.0,563.11,8.3,30,0.0123,0,0.0,0.0,0.0,525.3,7.2,0.578,51
NYC-LON,2025-06-15 06:53:00,13,0.74,LOW,520.0,561.08,7.9,30,0.0264,0,0.0,0.0,0.0,567.65,-1.16,0.768,4
NYC-LON,2025-06-15 06:54:00,19,1.06,LOW,520.0,562.02,8.1,30,0.0217,0,0.0,0.0,0.0,501.0,12.18,0.613,55
NYC-LON,2025-06-15 06:55:00,82,4.61,SURGE,520.0,706.68,35.9,7,0.1063,9,4680.0,6360.12,1680.12,554.55,27.43,0.86,71
NYC-LON,2025-06-15 06:56:00,73,2.35,HIGH,520.0,644.54,23.9,12,0.0778,6,3120.0,3867.24,747.2399999999998,529.97,21.62,0.765,28
NYC-LON,2025-06-15 06:57:00,77,1.87,MEDIUM,520.0,600.65,15.5,20,0.0406,3,1560.0,1801.9499999999998,241.94999999999982,558.58,7.53,0.836,4
NYC-LON,2025-06-15 06:58:00,64,1.21,MEDIUM,520.0,590.36,13.5,20,0.0459,3,1560.0,1771.08,211.07999999999993,498.76,18.37,0.568,22
NYC-LON,2025-06-15 06:59:00,98,1.56,HIGH,520.0,632.22,21.6,12,0.0703,7,3640.0,4425.54,785.54,584.64,8.14,0.586,76
NYC-LON,2025-06-15 07:00:00,100,1.27,HIGH,520.0,627.69,20.7,12,0.0803,8,4160.0,5021.52,861.5200000000004,595.24,5.45,0.851,45
NYC-LON,2025-06-15 07:01:00,13,0.16,LOW,520.0,561.08,7.9,30,0.0288,0,0.0,0.0,0.0,594.76,-5.66,0.58,67
NYC-LON,2025-06-15 07:02:00,15,0.21,LOW,520.0,561.08,7.9,30,0.0188,0,0.0,0.0,0.0,571.96,-1.9,0.58,86
NYC-LON,2025-06-15 07:03:00,13,0.22,LOW,520.0,561.08,7.9,30,0.0249,0,0.0,0.0,0.0,507.53,10.55,0.555,66
NYC-LON,2025-06-15 07:04:00,22,0.46,LOW,520.0,561.08,7.9,30,0.0232,1,520.0,561.08,41.08000000000004,572.86,-2.06,0.952,88
NYC-LON,2025-06-15 07:05:00,20,0.61,LOW,520.0,561.08,7.9,30,0.0268,1,520.0,561.08,41.08000000000004,496.56,12.99,0.86,34
NYC-LON,2025-06-15 07:06:00,16,0.96,LOW,520.0,561.08,7.9,30,0.0152,0,0.0,0.0,0.0,496.3,13.05,0.698,55
NYC-LON,2025-06-15 07:07:00,15,0.87,LOW,520.0,561.08,7.9,30,0.0234,0,0.0,0.0,0.0,527.66,6.33,0.675,1
NYC-LON,2025-06-15 07:08:00,18,1.05,LOW,520.0,561.86,8.1,30,0.0253,0,0.0,0.0,0.0,544.82,3.13,0.697,72
NYC-LON,2025-06-15 07:09:00,9,0.49,LOW,520.0,561.08,7.9,30,0.0112,0,0.0,0.0,0.0,574.12,-2.27,0.875,87
NYC-LON,2025-06-15 07:10:00,15,0.96,LOW,520.0,561.08,7.9,30,0.0141,0,0.0,0.0,0.0,565.06,-0.7,0.828,38
NYC-LON,2025-06-15 07:11:00,9,0.62,LOW,520.0,561.08,7.9,30,0.01,0,0.0,0.0,0.0,540.37,3.83,0.628,6
NYC-LON,2025-06-15 07:12:00,18,1.36,MEDIUM,520.0,592.7,14.0,20,0.0387,1,520.0,592.7,72.70000000000005,522.46,13.44,0.623,86
NYC-LON,2025-06-15 07:13:00,20,1.45,MEDIUM,520.0,594.1,14.3,20,0.0436,1,520.0,594.1,74.10000000000002,597.7,-0.6,0.591,25
NYC-LON,2025-06-15 07:14:00,16,1.13,LOW,520.0,563.11,8.3,30,0.0275,0,0.0,0.0,0.0,538.32,4.61,0.827,82
NYC-LON,2025-06-15 07:15:00,10,0.64,LOW,520.0,561.08,7.9,30,0.0204,0,0.0,0.0,0.0,540.94,3.72,0.871,17
NYC-LON,2025-06-15 07:16:00,14,0.96,LOW,520.0,561.08,7.9,30,0.0281,0,0.0,0.0,0.0,511.02,9.8,0.661,61
NYC-LON,2025-06-15 07:17:00,18,1.15,LOW,520.0,563.42,8.3,30,0.0131,0,0.0,0.0,0.0,576.66,-2.3,0.559,12
NYC-LON,2025-06-15 07:18:00,14,0.9,LOW,520.0,561.08,7.9,30,0.0115,0,0.0,0.0,0.0,566.14,-0.89,0.585,6
NYC-LON,2025-06-15 07:19:00,23,1.6,MEDIUM,520.0,596.44,14.7,20,0.0397,1,520.0,596.44,76.44000000000005,516.96,15.37,0.957,27
NYC-LON,2025-06-15 07:20:00,20,1.27,LOW,520.0,565.29,8.7,30,0.0219,0,0.0,0.0,0.0,502.57,12.48,0.674,8
NYC-LON,2025-06-15 07:21:00,22,1.24,LOW,520.0,564.82,8.6,30,0.0198,0,0.0,0.0,0.0,564.77,0.01,0.873,83
NYC-LON,2025-06-15 07:22:00,12,0.62,LOW,520.0,561.08,7.9,30,0.01,0,0.0,0.0,0.0,562.07,-0.18,0.812,65
NYC-LON,2025-06-15 07:23:00,16,0.88,LOW,520.0,561.08,7.9,30,0.0196,0,0.0,0.0,0.0,522.42,7.4,0.71,57
NYC-LON,2025-06-15 07:24:00,12,0.65,LOW,520.0,561.08,7.9,30,0.0135,0,0.0,0.0,0.0,592.89,-5.37,0.636,40
NYC-LON,2025-06-15 07:25:00,15,0.91,LOW,520.0,561.08,7.9,30,0.0233,0,0.0,0.0,0.0,509.71,10.08,0.601,14
NYC-LON,2025-06-15 07:26:00,16,1.04,LOW,520.0,561.7,8.0,30,0.0218,0,0.0,0.0,0.0,538.96,4.22,0.808,35
NYC-LON,2025-06-15 07:27:00,21,1.48,MEDIUM,520.0,594.57,14.3,20,0.0353,1,520.0,594.57,74.57000000000005,592.14,0.41,0.875,48
NYC-LON,2025-06-15 07:28:00,20,1.25,LOW,520.0,564.98,8.7,30,0.0174,0,0.0,0.0,0.0,537.65,5.08,0.82,84
NYC-LON,2025-06-15 07:29:00,19,1.13,LOW,520.0,563.11,8.3,30,0.0147,0,0.0,0.0,0.0,560.41,0.48,0.773,56
NYC-LON,2025-06-15 07:30:00,208,11.43,SURGE,520.0,706.68,35.9,7,0.1097,23,11960.0,16253.64,4293.639999999999,535.35,32.0,0.568,49
NYC-LON,2025-06-15 07:31:00,197,3.47,SURGE,520.0,703.61,35.3,7,0.1148,23,11960.0,16183.03,4223.030000000001,522.52,34.66,0.957,13
NYC-LON,2025-06-15 07:32:00,245,2.63,SURGE,520.0,690.51,32.8,7,0.1051,26,13520.0,17953.26,4433.259999999998,596.33,15.79,0.885,61
NYC-LON,2025-06-15 07:33:00,243,1.76,SURGE,520.0,676.94,30.2,7,0.1125,27,14040.0,18277.38,4237.380000000001,536.57,26.16,0.673,49
NYC-LON,2025-06-15 07:34:00,191,1.05,SURGE,520.0,665.86,28.1,7,0.1073,20,10400.0,13317.2,2917.2000000000007,586.99,13.44,0.962,46
NYC-LON,2025-06-15 07:35:00,276,1.27,SURGE,520.0,669.29,28.7,7,0.106,29,15080.0,19409.41,4329.41,517.92,29.23,0.803,62
NYC-LON,2025-06-15 07:36:00,9,0.04,LOW,520.0,561.08,7.9,30,0.0195,0,0.0,0.0,0.0,516.16,8.7,0.795,8
NYC-LON,2025-06-15 07:37:00,11,0.06,LOW,520.0,561.08,7.9,30,0.0148,0,0.0,0.0,0.0,497.24,12.84,0.864,43
NYC-LON,2025-06-15 07:38:00,12,0.08,LOW,520.0,561.08,7.9,30,0.0172,0,0.0,0.0,0.0,561.77,-0.12,0.891,20
NYC-LON,2025-06-15 07:39:00,13,0.13,LOW,520.0,561.08,7.9,30,0.014,0,0.0,0.0,0.0,532.33,5.4,0.826,39
NYC-LON,2025-06-15 07:40:00,21,0.33,LOW,520.0,561.08,7.9,30,0.0298,1,520.0,561.08,41.08000000000004,583.89,-3.91,0.604,85
NYC-LON,2025-06-15 07:41:00,10,0.76,LOW,520.0,561.08,7.9,30,0.0202,0,0.0,0.0,0.0,543.21,3.29,0.692,49
NYC-LON,2025-06-15 07:42:00,20,1.49,MEDIUM,520.0,594.72,14.4,20,0.0365,1,520.0,594.72,74.72000000000003,594.69,0.01,0.94,64
NYC-LON,2025-06-15 07:43:00,20,1.32,MEDIUM,520.0,592.07,13.9,20,0.0411,1,520.0,592.07,72.07000000000005,513.29,15.35,0.644,62
NYC-LON,2025-06-15 07:44:00,22,1.31,MEDIUM,520.0,591.92,13.8,20,0.0394,1,520.0,591.92,71.91999999999996,584.34,1.3,0.706,54
NYC-LON,2025-06-15 07:45:00,16,0.86,LOW,520.0,561.08,7.9,30,0.0189,0,0.0,0.0,0.0,574.77,-2.38,0.731,9
NYC-LON,2025-06-15 07:46:00,8,0.45,LOW,520.0,561.08,7.9,30,0.0231,0,0.0,0.0,0.0,574.18,-2.28,0.735,88
NYC-LON,2025-06-15 07:47:00,11,0.64,LOW,520.0,561.08,7.9,30,0.0238,0,0.0,0.0,0.0,581.86,-3.57,0.807,37
NYC-LON,2025-06-15 07:48:00,16,1.04,LOW,520.0,561.7,8.0,30,0.0173,0,0.0,0.0,0.0,573.15,-2.0,0.946,49
NYC-LON,2025-06-15 07:49:00,18,1.23,LOW,520.0,564.67,8.6,30,0.0171,0,0.0,0.0,0.0,559.13,0.99,0.651,41
NYC-LON,2025-06-15 07:50:00,11,0.8,LOW,520.0,561.08,7.9,30,0.0186,0,0.0,0.0,0.0,507.65,10.52,0.601,17
NYC-LON,2025-06-15 07:51:00,17,1.33,MEDIUM,520.0,592.23,13.9,20,0.0285,0,0.0,0.0,0.0,497.38,19.07,0.633,88
NYC-LON,2025-06-15 07:52:00,21,1.44,MEDIUM,520.0,593.94,14.2,20,0.0324,1,520.0,593.94,73.94000000000005,589.77,0.71,0.923,21
NYC-LON,2025-06-15 07:53:00,13,0.78,LOW,520.0,561.08,7.9,30,0.0268,0,0.0,0.0,0.0,558.13,0.53,0.821,51
NYC-LON,2025-06-15 07:54:00,22,1.38,MEDIUM,520.0,593.01,14.0,20,0.0482,1,520.0,593.01,73.00999999999999,576.84,2.8,0.67,59
NYC-LON,2025-06-15 07:55:00,8,0.48,LOW,520.0,561.08,7.9,30,0.0188,0,0.0,0.0,0.0,544.08,3.12,0.893,39
NYC-LON,2025-06-15 07:56:00,16,0.99,LOW,520.0,561.08,7.9,30,0.0229,0,0.0,0.0,0.0,506.2,10.84,0.912,55
NYC-LON,2025-06-15 07:57:00,13,0.81,LOW,520.0,561.08,7.9,30,0.0216,0,0.0,0.0,0.0,507.02,10.66,0.906,41
NYC-LON,2025-06-15 07:58:00,11,0.76,LOW,520.0,561.08,7.9,30,0.0354,0,0.0,0.0,0.0,565.3,-0.75,0.936,39
NYC-LON,2025-06-15 07:59:00,17,1.21,LOW,520.0,564.36,8.5,30,0.0256,0,0.0,0.0,0.0,538.75,4.75,0.656,13
SFO-SYD,2025-06-15 06:00:00,24,24.0,SURGE,520.0,706.68,35.9,7,0.1094,3,1560.0,2120.04,560.04,514.85,37.26,0.867,64
SFO-SYD,2025-06-15 06:01:00,23,0.96,LOW,520.0,561.08,7.9,30,0.0152,0,0.0,0.0,0.0,545.13,2.93,0.743,11
SFO-SYD,2025-06-15 06:02:00,11,0.47,LOW,520.0,561.08,7.9,30,0.012,0,0.0,0.0,0.0,500.68,12.06,0.904,19
SFO-SYD,2025-06-15 06:03:00,23,1.19,LOW,520.0,564.04,8.5,30,0.021,0,0.0,0.0,0.0,554.53,1.71,0.856,11
SFO-SYD,2025-06-15 06:04:00,26,1.28,LOW,520.0,565.45,8.7,30,0.0162,0,0.0,0.0,0.0,521.98,8.33,0.876,77
SFO-SYD,2025-06-15 06:05:00,11,0.51,LOW,520.0,561.08,7.9,30,0.0129,0,0.0,0.0,0.0,576.95,-2.75,0.826,46
SFO-SYD,2025-06-15 06:06:00,22,1.17,LOW,520.0,563.73,8.4,30,0.0168,0,0.0,0.0,0.0,526.28,7.12,0.625,45
SFO-SYD,2025-06-15 06:07:00,20,1.08,LOW,520.0,562.33,8.1,30,0.0146,0,0.0,0.0,0.0,541.34,3.88,0.779,1
SFO-SYD,2025-06-15 06:08:00,23,1.13,LOW,520.0,563.11,8.3,30,0.0284,1,520.0,563.11,43.110000000000014,495.21,13.71,0.964,40
SFO-SYD,2025-06-15 06:09:00,24,1.18,LOW,520.0,563.89,8.4,30,0.0244,1,520.0,563.89,43.889999999999986,501.53,12.43,0.944,19
SFO-SYD,2025-06-15 06:10:00,18,0.9,LOW,520.0,561.08,7.9,30,0.02,0,0.0,0.0,0.0,534.82,4.91,0.568,76
SFO-SYD,2025-06-15 06:11:00,26,1.21,LOW,520.0,564.36,8.5,30,0.0274,1,520.0,564.36,44.360000000000014,543.91,3.76,0.619,72
SFO-SYD,2025-06-15 06:12:00,18,0.81,LOW,520.0,561.08,7.9,30,0.0204,0,0.0,0.0,0.0,556.4,0.84,0.605,72
SFO-SYD,2025-06-15 06:13:00,19,0.87,LOW,520.0,561.08,7.9,30,0.0157,0,0.0,0.0,0.0,524.33,7.01,0.855,61
SFO-SYD,2025-06-15 06:14:00,24,1.14,LOW,520.0,563.26,8.3,30,0.0276,1,520.0,563.26,43.25999999999999,566.28,-0.53,0.893,12
SFO-SYD,2025-06-15 06:15:00,26,1.24,LOW,520.0,564.82,8.6,30,0.0227,1,520.0,564.82,44.82000000000005,583.45,-3.19,0.64,61
SFO-SYD,2025-06-15 06:16:00,11,0.49,LOW,520.0,561.08,7.9,30,0.0148,0,0.0,0.0,0.0,575.1,-2.44,0.762,33
SFO-SYD,2025-06-15 06:17:00,23,1.17,LOW,520.0,563.73,8.4,30,0.019,0,0.0,0.0,0.0,498.12,13.17,0.903,45
SFO-SYD,2025-06-15 06:18:00,21,1.02,LOW,520.0,561.39,8.0,30,0.0156,0,0.0,0.0,0.0,543.97,3.2,0.858,69
SFO-SYD,2025-06-15 06:19:00,23,1.1,LOW,520.0,562.64,8.2,30,0.0131,0,0.0,0.0,0.0,504.91,11.43,0.778,8
SFO-SYD,2025-06-15 06:20:00,141,6.78,SURGE,520.0,706.68,35.9,7,0.1146,16,8320.0,11306.88,2986.879999999999,519.17,36.12,0.798,25
SFO-SYD,2025-06-15 06:21:00,179,4.09,SURGE,520.0,706.68,35.9,7,0.1195,21,10920.0,14840.279999999999,3920.279999999999,596.61,18.45,0.764,46
SFO-SYD,2025-06-15 06:22:00,136,1.76,HIGH,520.0,635.34,22.2,12,0.063,9,4680.0,5718.06,1038.0600000000004,508.82,24.87,0.675,87
SFO-SYD,2025-06-15 06:23:00,199,1.99,SURGE,520.0,680.52,30.9,7,0.1128,22,11440.0,14971.439999999999,3531.4399999999987,545.88,24.66,0.787,30
SFO-SYD,2025-06-15 06:24:00,188,1.39,SURGE,520.0,671.16,29.1,7,0.1067,20,10400.0,13423.199999999999,3023.199999999999,558.29,20.22,0.839,47
SFO-SYD,2025-06-15 06:25:00,123,0.73,HIGH,520.0,623.48,19.9,12,0.0676,8,4160.0,4987.84,827.8400000000001,567.06,9.95,0.917,87
SFO-SYD,2025-06-15 06:26:00,23,0.14,LOW,520.0,561.08,7.9,30,0.017,0,0.0,0.0,0.0,552.2,1.61,0.817,49
SFO-SYD,2025-06-15 06:27:00,11,0.08,LOW,520.0,561.08,7.9,30,0.0157,0,0.0,0.0,0.0,495.02,13.34,0.87,47
SFO-SYD,2025-06-15 06:28:00,13,0.12,LOW,520.0,561.08,7.9,30,0.0202,0,0.0,0.0,0.0,527.95,6.28,0.617,84
SFO-SYD,2025-06-15 06:29:00,24,0.34,LOW,520.0,561.08,7.9,30,0.0158,0,0.0,0.0,0.0,547.84,2.42,0.744,82
SFO-SYD,2025-06-15 06:30:00,15,0.39,LOW,520.0,561.08,7.9,30,0.0214,0,0.0,0.0,0.0,503.14,11.52,0.554,18
SFO-SYD,2025-06-15 06:31:00,25,1.45,MEDIUM,520.0,594.1,14.3,20,0.0397,1,520.0,594.1,74.10000000000002,530.47,12.0,0.654,66
SFO-SYD,2025-06-15 06:32:00,16,0.91,LOW,520.0,561.08,7.9,30,0.0188,0,0.0,0.0,0.0,497.45,12.79,0.855,68
SFO-SYD,2025-06-15 06:33:00,12,0.65,LOW,520.0,561.08,7.9,30,0.0155,0,0.0,0.0,0.0,502.17,11.73,0.967,33
SFO-SYD,2025-06-15 06:34:00,19,1.03,LOW,520.0,561.55,8.0,30,0.0171,0,0.0,0.0,0.0,535.28,4.91,0.592,36
SFO-SYD,2025-06-15 06:35:00,23,1.32,MEDIUM,520.0,592.07,13.9,20,0.0438,1,520.0,592.07,72.07000000000005,507.8,16.6,0.719,82
SFO-SYD,2025-06-15 06:36:00,21,1.11,LOW,520.0,562.8,8.2,30,0.0225,0,0.0,0.0,0.0,553.02,1.77,0.886,19
SFO-SYD,2025-06-15 06:37:00,17,0.93,LOW,520.0,561.08,7.9,30,0.0151,0,0.0,0.0,0.0,565.7,-0.82,0.636,28
SFO-SYD,2025-06-15 06:38:00,25,1.36,MEDIUM,520.0,592.7,14.0,20,0.0405,1,520.0,592.7,72.70000000000005,577.26,2.67,0.783,40
SFO-SYD,2025-06-15 06:39:00,21,1.0,LOW,520.0,561.08,7.9,30,0.0238,0,0.0,0.0,0.0,514.82,8.99,0.858,84
SFO-SYD,2025-06-15 06:40:00,21,0.98,LOW,520.0,561.08,7.9,30,0.0117,0,0.0,0.0,0.0,511.42,9.71,0.809,76
SFO-SYD,2025-06-15 06:41:00,23,1.1,LOW,520.0,562.64,8.2,30,0.0227,1,520.0,562.64,42.639999999999986,504.88,11.44,0.629,15
SFO-SYD,2025-06-15 06:42:00,19,0.89,LOW,520.0,561.08,7.9,30,0.0167,0,0.0,0.0,0.0,560.19,0.16,0.699,41
SFO-SYD,2025-06-15 06:43:00,24,1.1,LOW,520.0,562.64,8.2,30,0.0229,1,520.0,562.64,42.639999999999986,567.47,-0.85,0.879,39
SFO-SYD,2025-06-15 06:44:00,19,0.88,LOW,520.0,561.08,7.9,30,0.0162,0,0.0,0.0,0.0,497.28,12.83,0.783,2
SFO-SYD,2025-06-15 06:45:00,13,0.61,LOW,520.0,561.08,7.9,30,0.011,0,0.0,0.0,0.0,591.37,-5.12,0.552,63
SFO-SYD,2025-06-15 06:46:00,26,1.33,MEDIUM,520.0,592.23,13.9,20,0.0319,1,520.0,592.23,72.23000000000002,499.41,18.59,0.87,29
SFO-SYD,2025-06-15 06:47:00,11,0.54,LOW,520.0,561.08,7.9,30,0.0202,0,0.0,0.0,0.0,550.29,1.96,0.565,74
SFO-SYD,2025-06-15 06:48:00,12,0.65,LOW,520.0,561.08,7.9,30,0.0213,0,0.0,0.0,0.0,567.74,-1.17,0.863,66
SFO-SYD,2025-06-15 06:49:00,22,1.36,MEDIUM,520.0,592.7,14.0,20,0.0355,1,520.0,592.7,72.70000000000005,584.58,1.39,0.635,51
SFO-SYD,2025-06-15 06:50:00,18,1.07,LOW,520.0,562.17,8.1,30,0.0232,0,0.0,0.0,0.0,568.27,-1.07,0.952,75
SFO-SYD,2025-06-15 06:51:00,13,0.73,LOW,520.0,561.08,7.9,30,0.0117,0,0.0,0.0,0.0,577.38,-2.82,0.705,77
SFO-SYD,2025-06-15 06:52:00,12,0.79,LOW,520.0,561.08,7.9,30,0.0197,0,0.0,0.0,0.0,529.3,6.0,0.687,10
SFO-SYD,2025-06-15 06:53:00,11,0.71,LOW,520.0,561.08,7.9,30,0.0139,0,0.0,0.0,0.0,578.74,-3.05,0.613,14
SFO-SYD,2025-06-15 06:54:00,18,1.18,LOW,520.0,563.89,8.4,30,0.0167,0,0.0,0.0,0.0,502.33,12.25,0.678,82
SFO-SYD,2025-06-15 06:55:00,72,5.0,SURGE,520.0,706.68,35.9,7,0.1102,8,4160.0,5653.44,1493.4399999999996,587.06,20.38,0.918,51
SFO-SYD,2025-06-15 06:56:00,61,2.42,HIGH,520.0,645.63,24.2,12,0.0657,4,2080.0,2582.52,502.52,550.95,17.18,0.968,73
SFO-SYD,2025-06-15 06:57:00,99,2.84,HIGH,520.0,652.18,25.4,12,0.0681,7,3640.0,4565.259999999999,925.2599999999993,579.0,12.64,0.705,39
SFO-SYD,2025-06-15 06:58:00,69,1.32,MEDIUM,520.0,592.07,13.9,20,0.045,3,1560.0,1776.21,216.21000000000004,541.04,9.43,0.738,28
SFO-SYD,2025-06-15 06:59:00,75,1.18,MEDIUM,520.0,589.89,13.4,20,0.0371,3,1560.0,1769.67,209.67000000000007,560.93,5.16,0.853,3
SFO-SYD,2025-06-15 07:00:00,68,0.9,MEDIUM,520.0,587.08,12.9,20,0.0442,3,1560.0,1761.2400000000002,201.24000000000024,548.75,6.98,0.922,84
SFO-SYD,2025-06-15 07:01:00,26,0.35,LOW,520.0,561.08,7.9,30,0.0144,0,0.0,0.0,0.0,570.09,-1.58,0.799,70
SFO-SYD,2025-06-15 07:02:00,14,0.21,LOW,520.0,561.08,7.9,30,0.0226,0,0.0,0.0,0.0,502.49,11.66,0.714,27
SFO-SYD,2025-06-15 07:03:00,17,0.34,LOW,520.0,561.08,7.9,30,0.0272,0,0.0,0.0,0.0,500.28,12.15,0.723,2
SFO-SYD,2025-06-15 07:04:00,25,0.62,LOW,520.0,561.08,7.9,30,0.01,0,0.0,0.0,0.0,519.7,7.96,0.842,38
SFO-SYD,2025-06-15 07:05:00,19,0.63,LOW,520.0,561.08,7.9,30,0.016,0,0.0,0.0,0.0,510.59,9.89,0.551,3
SFO-SYD,2025-06-15 07:06:00,22,1.09,LOW,520.0,562.48,8.2,30,0.0229,1,520.0,562.48,42.48000000000002,584.67,-3.8,0.81,16
SFO-SYD,2025-06-15 07:07:00,16,0.82,LOW,520.0,561.08,7.9,30,0.019,0,0.0,0.0,0.0,516.8,8.57,0.699,40
SFO-SYD,2025-06-15 07:08:00,14,0.71,LOW,520.0,561.08,7.9,30,0.0219,0,0.0,0.0,0.0,595.49,-5.78,0.884,2
SFO-SYD,2025-06-15 07:09:00,16,0.83,LOW,520.0,561.08,7.9,30,0.017,0,0.0,0.0,0.0,529.04,6.06,0.589,81
SFO-SYD,2025-06-15 07:10:00,20,1.15,LOW,520.0,563.42,8.3,30,0.0204,0,0.0,0.0,0.0,512.94,9.84,0.797,41
SFO-SYD,2025-06-15 07:11:00,14,0.8,LOW,520.0,561.08,7.9,30,0.0192,0,0.0,0.0,0.0,576.13,-2.61,0.752,12
SFO-SYD,2025-06-15 07:12:00,11,0.69,LOW,520.0,561.08,7.9,30,0.0258,0,0.0,0.0,0.0,562.51,-0.25,0.82,35
SFO-SYD,2025-06-15 07:13:00,20,1.33,MEDIUM,520.0,592.23,13.9,20,0.0413,1,520.0,592.23,72.23000000000002,545.81,8.5,0.577,65
SFO-SYD,2025-06-15 07:14:00,23,1.42,MEDIUM,520.0,593.63,14.2,20,0.0417,1,520.0,593.63,73.63,551.76,7.59,0.794,55
SFO-SYD,2025-06-15 07:15:00,23,1.31,MEDIUM,520.0,591.92,13.8,20,0.0379,1,520.0,591.92,71.91999999999996,568.8,4.06,0.786,45
SFO-SYD,2025-06-15 07:16:00,17,0.93,LOW,520.0,561.08,7.9,30,0.0176,0,0.0,0.0,0.0,517.76,8.37,0.785,79
SFO-SYD,2025-06-15 07:17:00,13,0.69,LOW,520.0,561.08,7.9,30,0.0178,0,0.0,0.0,0.0,597.62,-6.11,0.803,85
SFO-SYD,2025-06-15 07:18:00,18,0.94,LOW,520.0,561.08,7.9,30,0.022,0,0.0,0.0,0.0,595.38,-5.76,0.834,62
SFO-SYD,2025-06-15 07:19:00,14,0.74,LOW,520.0,561.08,7.9,30,0.0179,0,0.0,0.0,0.0,561.63,-0.1,0.888,49
SFO-SYD,2025-06-15 07:20:00,20,1.18,LOW,520.0,563.89,8.4,30,0.0214,0,0.0,0.0,0.0,514.75,9.55,0.663,25
SFO-SYD,2025-06-15 07:21:00,14,0.85,LOW,520.0,561.08,7.9,30,0.0304,0,0.0,0.0,0.0,564.74,-0.65,0.897,23
SFO-SYD,2025-06-15 07:22:00,12,0.76,LOW,520.0,561.08,7.9,30,0.0244,0,0.0,0.0,0.0,501.51,11.88,0.759,24
SFO-SYD,2025-06-15 07:23:00,22,1.41,MEDIUM,520.0,593.48,14.1,20,0.0384,1,520.0,593.48,73.48000000000002,497.19,19.37,0.582,38
SFO-SYD,2025-06-15 07:24:00,24,1.46,MEDIUM,520.0,594.26,14.3,20,0.046,1,520.0,594.26,74.25999999999999,520.8,14.11,0.575,28
SFO-SYD,2025-06-15 07:25:00,22,1.2,LOW,520.0,564.2,8.5,30,0.018,0,0.0,0.0,0.0,542.11,4.07,0.69,21
SFO-SYD,2025-06-15 07:26:00,13,0.69,LOW,520.0,561.08,7.9,30,0.01,0,0.0,0.0,0.0,584.3,-3.97,0.88,54
SFO-SYD,2025-06-15 07:27:00,21,1.13,LOW,520.0,563.11,8.3,30,0.015,0,0.0,0.0,0.0,569.63,-1.14,0.847,18
SFO-SYD,2025-06-15 07:28:00,11,0.54,LOW,520.0,561.08,7.9,30,0.0106,0,0.0,0.0,0.0,571.24,-1.78,0.881,36
SFO-SYD,2025-06-15 07:29:00,24,1.32,MEDIUM,520.0,592.07,13.9,20,0.0382,1,520.0,592.07,72.07000000000005,538.25,10.0,0.767,45
SFO-SYD,2025-06-15 07:30:00,242,13.3,SURGE,520.0,706.68,35.9,7,0.1101,27,14040.0,19080.359999999997,5040.359999999997,529.98,33.34,0.735,73
SFO-SYD,2025-06-15 07:31:00,193,3.1,SURGE,520.0,697.84,34.2,7,0.1184,23,11960.0,16050.320000000002,4090.3200000000015,532.59,31.03,0.612,53
SFO-SYD,2025-06-15 07:32:00,235,2.39,SURGE,520.0,686.76,32.1,7,0.1116,26,13520.0,17855.76,4335.759999999998,596.72,15.09,0.688,30
SFO-SYD,2025-06-15 07:33:00,226,1.6,SURGE,520.0,674.44,29.7,7,0.1089,25,13000.0,16861.0,3861.0,498.17,35.38,0.732,60
SFO-SYD,2025-06-15 07:34:00,261,1.42,SURGE,520.0,671.63,29.2,7,0.1141,30,15600.0,20148.9,4548.9000000000015,584.17,14.97,0.587,32
SFO-SYD,2025-06-15 07:35:00,238,1.03,SURGE,520.0,665.55,28.0,7,0.0989,24,12480.0,15973.199999999999,3493.199999999999,554.18,20.1,0.643,67
SFO-SYD,2025-06-15 07:36:00,15,0.07,LOW,520.0,561.08,7.9,30,0.0212,0,0.0,0.0,0.0,539.62,3.98,0.801,67
SFO-SYD,2025-06-15 07:37:00,24,0.12,LOW,520.0,561.08,7.9,30,0.0239,1,520.0,561.08,41.08000000000004,569.43,-1.47,0.859,28
SFO-SYD,2025-06-15 07:38:00,16,0.1,LOW,520.0,561.08,7.9,30,0.0126,0,0.0,0.0,0.0,544.61,3.02,0.969,44
SFO-SYD,2025-06-15 07:39:00,19,0.17,LOW,520.0,561.08,7.9,30,0.0257,0,0.0,0.0,0.0,584.84,-4.06,0.942,79
SFO-SYD,2025-06-15 07:40:00,26,0.42,LOW,520.0,561.08,7.9,30,0.0217,1,520.0,561.08,41.08000000000004,587.67,-4.52,0.82,41
SFO-SYD,2025-06-15 07:41:00,25,1.25,LOW,520.0,564.98,8.7,30,0.0179,0,0.0,0.0,0.0,537.86,5.04,0.727,63
SFO-SYD,2025-06-15 07:42:00,24,1.09,LOW,520.0,562.48,8.2,30,0.0232,1,520.0,562.48,42.48000000000002,522.79,7.59,0.817,23
SFO-SYD,2025-06-15 07:43:00,19,0.86,LOW,520.0,561.08,7.9,30,0.0314,1,520.0,561.08,41.08000000000004,555.6,0.99,0.88,75
SFO-SYD,2025-06-15 07:44:00,21,0.93,LOW,520.0,561.08,7.9,30,0.0209,0,0.0,0.0,0.0,588.89,-4.72,0.6,48
SFO-SYD,2025-06-15 07:45:00,18,0.78,LOW,520.0,561.08,7.9,30,0.0212,0,0.0,0.0,0.0,515.91,8.76,0.722,32
SFO-SYD,2025-06-15 07:46:00,13,0.61,LOW,520.0,561.08,7.9,30,0.0177,0,0.0,0.0,0.0,558.79,0.41,0.903,57
SFO-SYD,2025-06-15 07:47:00,19,1.0,LOW,520.0,561.08,7.9,30,0.0158,0,0.0,0.0,0.0,559.68,0.25,0.711,33
SFO-SYD,2025-06-15 07:48:00,25,1.39,MEDIUM,520.0,593.16,14.1,20,0.0442,1,520.0,593.16,73.15999999999997,570.24,4.02,0.79,24
SFO-SYD,2025-06-15 07:49:00,18,0.94,LOW,520.0,561.08,7.9,30,0.0157,0,0.0,0.0,0.0,507.68,10.52,0.797,39
SFO-SYD,2025-06-15 07:50:00,25,1.34,MEDIUM,520.0,592.38,13.9,20,0.0404,1,520.0,592.38,72.38,568.45,4.21,0.627,34
SFO-SYD,2025-06-15 07:51:00,23,1.15,LOW,520.0,563.42,8.3,30,0.0176,0,0.0,0.0,0.0,588.54,-4.27,0.702,56
SFO-SYD,2025-06-15 07:52:00,21,0.95,LOW,520.0,561.08,7.9,30,0.0224,0,0.0,0.0,0.0,512.69,9.44,0.69,28
SFO-SYD,2025-06-15 07:53:00,11,0.49,LOW,520.0,561.08,7.9,30,0.0217,0,0.0,0.0,0.0,518.7,8.17,0.561,37
SFO-SYD,2025-06-15 07:54:00,26,1.33,MEDIUM,520.0,592.23,13.9,20,0.0452,1,520.0,592.23,72.23000000000002,595.03,-0.47,0.56,7
SFO-SYD,2025-06-15 07:55:00,21,0.99,LOW,520.0,561.08,7.9,30,0.0174,0,0.0,0.0,0.0,512.82,9.41,0.899,68
SFO-SYD,2025-06-15 07:56:00,16,0.78,LOW,520.0,561.08,7.9,30,0.0187,0,0.0,0.0,0.0,582.86,-3.74,0.665,37
SFO-SYD,2025-06-15 07:57:00,26,1.37,MEDIUM,520.0,592.85,14.0,20,0.0351,1,520.0,592.85,72.85000000000002,545.2,8.74,0.768,56
SFO-SYD,2025-06-15 07:58:00,17,0.85,LOW,520.0,561.08,7.9,30,0.0178,0,0.0,0.0,0.0,519.71,7.96,0.675,65
SFO-SYD,2025-06-15 07:59:00,22,1.04,LOW,520.0,561.7,8.0,30,0.0219,0,0.0,0.0,0.0,584.56,-3.91,0.945,65
